,Unnamed: 0,Unnamed: 0.1,Unnamed: 0.1.1,Unnamed: 0.1.1.1,IDind,WAVE,hhid,IDind_s,marital,rural,gender,birth_year,curr_work,ever_work,indinc_cpi,indicator,husband_inc,child_under6,child_6to18,age,schooling,degree,exp
1,1,1,1,1,451202041002,2004,451202041,451202041001.0,2.0,1,2,1962.0,1.0,,8684.210526315792,1997,5052.631578947368,0,1,42.0,23.0,2.0,7
2,2,2,2,2,522203017002,2004,522203017,522203017001.0,2.0,2,2,1954.0,1.0,,3227.272727272727,1989,16824.24242424242,0,0,50.0,0.0,0.0,15
3,3,5,5,5,421103006002,2004,421103006,421103006001.0,2.0,1,2,1965.0,1.0,,4062.5,2000,22343.75,0,0,39.0,15.0,1.0,4
4,4,7,7,7,321206018003,2004,321206018,321206018002.0,2.0,1,2,1965.0,1.0,,10864.197530864201,2000,27160.493827160488,0,1,39.0,33.0,5.0,4
5,5,9,9,9,452304081002,2004,452304081,452304081001.0,2.0,2,2,1965.0,1.0,,13920.634920634919,2004,19714.28571428571,0,2,39.0,23.0,2.0,0
6,6,10,10,10,452203007002,2004,452203007,452203007001.0,2.0,2,2,1958.0,1.0,,3626.7573696145128,1993,2830.061548428896,0,1,46.0,25.0,3.0,11
7,7,11,11,11,452103008002,2004,452103008,452103008001.0,2.0,2,2,1949.0,1.0,,4020.438419228028,1989,3787.184430310836,0,0,55.0,11.0,0.0,15
9,9,15,15,15,422203008002,2004,422203008,422203008001.0,2.0,2,2,1962.0,1.0,,566.40625,1997,3417.96875,0,3,42.0,22.0,2.0,3
11,11,17,17,17,372302020002,2004,372302020,372302020001.0,2.0,2,2,1957.0,1.0,,3503.787878787879,1993,19758.52272727273,0,1,47.0,13.0,0.0,11
12,12,18,18,18,422301065002,2004,422301065,422301065001.0,2.0,2,2,1965.0,1.0,,14075.949367088608,2000,16708.86075949367,0,1,39.0,25.0,3.0,4
13,13,19,19,19,232202089002,2004,232202089,232202089001.0,2.0,2,2,1966.0,1.0,,-3003.623188405797,2004,-3003.623188405797,0,1,38.0,16.0,1.0,0
14,14,21,21,21,521202010002,2004,521202010,521202010001.0,2.0,1,2,1956.0,1.0,,15789.473684210532,1991,4421.0526315789475,0,0,48.0,29.0,4.0,13
15,15,22,22,22,421103009002,2004,421103009,421103009001.0,2.0,1,2,1962.0,1.0,,961.2111175115207,1997,1330.907701169798,0,2,42.0,22.0,2.0,5
16,16,23,23,23,422402017002,2004,422402017,422402017001.0,2.0,2,2,1964.0,1.0,,3602.3819930069926,2000,8225.743006993007,0,2,40.0,13.0,0.0,4
17,17,25,25,25,372104012002,2004,372104012,372104012001.0,2.0,2,2,1955.0,1.0,,2770.1198630127396,1991,18756.42123287674,0,0,49.0,15.0,1.0,6
18,18,26,26,26,421103003032,2004,421103003,421103003031.0,2.0,1,2,1963.0,1.0,,1250.0,2000,26250.0,0,1,41.0,23.0,2.0,4
19,19,27,27,27,421103007002,2004,421103007,421103007001.0,2.0,1,2,1949.0,1.0,,12748.88392856069,1989,22087.05357143931,0,0,55.0,0.0,0.0,15
20,20,28,28,28,522201012004,2004,522201012,522201012003.0,2.0,2,2,1953.0,0.0,,2524.172000248555,1989,13421.05263157895,0,0,51.0,16.0,1.0,9
21,21,29,29,29,422203006002,2004,422203006,422203006001.0,2.0,2,2,1951.0,1.0,,1778.192934782609,1989,2649.45652173913,0,0,53.0,0.0,0.0,11
22,22,31,31,31,452105001002,2004,452105001,452105001001.0,2.0,2,2,1961.0,1.0,,12631.57894736842,1997,12631.57894736842,0,1,43.0,23.0,2.0,7
24,24,34,34,34,421103002002,2004,421103002,421103002001.0,2.0,1,2,1967.0,1.0,,9976.5625,2004,17949.21875,0,2,37.0,15.0,1.0,0
25,25,35,35,35,232103004002,2004,232103004,232103004001.0,2.0,2,2,1969.0,1.0,,11956.52173913044,2004,11956.52173913044,0,2,35.0,15.0,1.0,0
26,26,38,38,38,452204002003,2004,452204002,452204002002.0,2.0,2,2,1962.0,1.0,,7609.826745513019,1997,11602.23674655047,0,1,42.0,23.0,2.0,7
27,27,39,39,39,321203016002,2004,321203016,321203016001.0,2.0,1,2,1957.0,1.0,,10158.730158730159,1993,28888.888888888887,0,0,47.0,15.0,1.0,11
28,28,40,40,40,321203017002,2004,321203017,321203017001.0,2.0,1,2,1951.0,0.0,,9944.973544973544,1989,529.1005291005291,0,0,53.0,13.0,0.0,13
29,29,42,42,42,212302081002,2004,212302081,212302081001.0,2.0,2,2,1968.0,1.0,,11000.0,2004,6379.032258064517,0,1,36.0,16.0,1.0,0
30,30,43,43,43,421104012001,2004,421104012,421104012004.0,2.0,1,2,1960.0,1.0,,4312.5,1997,7500.0,0,1,44.0,22.0,2.0,7
31,31,46,46,46,421104015001,2004,421104015,421104015006.0,2.0,1,2,1960.0,1.0,,22500.0,1997,22500.0,0,1,44.0,25.0,3.0,7
32,32,47,47,47,451203005004,2004,451203005,451203005003.0,2.0,1,2,1965.0,0.0,,5196.825396825397,2000,0.0,0,1,39.0,23.0,2.0,2
34,34,49,49,49,372104019002,2004,372104019,372104019001.0,2.0,2,2,1959.0,1.0,,3075.0,1997,4612.5,0,1,45.0,25.0,3.0,2
35,35,50,50,50,522203011002,2004,522203011,522203011001.0,2.0,2,2,1953.0,1.0,,1214.285714285714,1989,23587.229437229435,0,0,51.0,15.0,1.0,15
36,36,51,51,51,372302002002,2004,372302002,372302002001.0,2.0,2,2,1955.0,1.0,,10156.25,1993,19531.25,0,0,49.0,22.0,2.0,9
37,37,52,52,52,372104018002,2004,372104018,372104018001.0,2.0,2,2,1954.0,1.0,,406.25,1989,7500.0,0,0,50.0,23.0,2.0,5
38,38,56,56,56,421104005004,2004,421104005,421104005001.0,2.0,1,2,1956.0,0.0,,5643.75,1991,15312.5,0,0,48.0,15.0,1.0,11
39,39,59,59,59,421104009003,2004,421104009,421104009001.0,2.0,1,2,1959.0,1.0,,5625.0,1997,15312.5,0,0,45.0,23.0,2.0,7
40,40,61,61,61,432304012002,2004,432304012,432304012001.0,2.0,2,2,1954.0,1.0,,-66.50793650714117,1989,3713.650793649999,0,0,50.0,16.0,1.0,15
41,41,62,62,62,372104081002,2004,372104081,372104081001.0,2.0,2,2,1969.0,1.0,,10361.842105263158,2004,6888.157894736843,0,1,35.0,23.0,2.0,0
42,42,63,63,63,452103002002,2004,452103002,452103002001.0,2.0,2,2,1954.0,1.0,,6241.2698412688815,1989,11149.20634920666,0,0,50.0,14.0,0.0,15
43,43,64,64,64,521204002002,2004,521204002,521204002001.0,2.0,1,2,1964.0,1.0,,6060.606060606059,2000,18939.39393939394,0,3,40.0,23.0,2.0,4
45,45,68,68,68,452402020002,2004,452402020,452402020001.0,2.0,2,2,1957.0,1.0,,4841.269841269841,1993,9838.282511485128,0,1,47.0,15.0,1.0,11
46,46,69,69,69,321203010002,2004,321203010,321203010001.0,2.0,1,2,1958.0,1.0,,19480.72562358277,1993,10476.190476190479,0,0,46.0,0.0,0.0,9
47,47,70,70,70,422202014002,2004,422202014,422202014001.0,2.0,2,2,1959.0,0.0,,3750.0,1997,3750.0,0,1,45.0,26.0,3.0,5
48,48,71,71,71,432301017004,2004,432301017,432301017007.0,2.0,2,2,1959.0,1.0,,9170.27417027417,1997,19480.519480519484,0,1,45.0,26.0,3.0,7
49,49,72,72,72,422302010002,2004,422302010,422302010001.0,2.0,2,2,1954.0,0.0,,2124.0234375,1989,20766.6015625,0,0,50.0,0.0,0.0,13
50,50,73,73,73,421104016005,2004,421104016,421104016001.0,2.0,1,2,1953.0,0.0,,8062.5,1989,33750.0,0,0,51.0,16.0,1.0,13
51,51,75,75,75,521204011042,2004,521204011,521204011021.0,2.0,1,2,1968.0,0.0,,-3287.62726074979,2004,-991.054816944145,1,1,36.0,16.0,1.0,0
52,52,76,76,76,372302001002,2004,372302001,372302001001.0,2.0,2,2,1958.0,0.0,,13593.75,1993,15000.0,0,1,46.0,0.0,0.0,2
53,53,78,78,78,421104018003,2004,421104018,421104018001.0,2.0,1,2,1961.0,1.0,,4375.0,2000,12500.0,0,0,43.0,25.0,3.0,4
54,54,79,79,79,321203013001,2004,321203013,321203013002.0,2.0,1,2,1959.0,1.0,,19047.61904761905,1997,28571.42857142857,0,0,45.0,15.0,1.0,7
55,55,82,82,82,422402011002,2004,422402011,422402011001.0,2.0,2,2,1952.0,1.0,,3984.300239231327,1989,7118.720095692531,0,0,52.0,14.0,0.0,15
56,56,84,84,84,372302013002,2004,372302013,372302013001.0,2.0,2,2,1953.0,0.0,,5294.117647058823,1989,8382.35294117647,0,0,51.0,0.0,0.0,13
57,57,85,85,85,422302005002,2004,422302005,422302005001.0,2.0,2,2,1955.0,1.0,,3007.461240310078,1991,8219.101259689922,0,0,49.0,22.0,2.0,13
59,59,87,87,87,372104015002,2004,372104015,372104015001.0,2.0,2,2,1955.0,1.0,,17.24137931034483,1991,45.25862068965517,0,1,49.0,0.0,0.0,9
60,60,88,88,88,452103006002,2004,452103006,452103006001.0,2.0,2,2,1949.0,0.0,,1988.095238095238,1989,2170.63492063492,0,0,55.0,15.0,1.0,13
61,61,89,89,89,231204005001,2004,231204005,231204005002.0,2.0,1,2,1958.0,0.0,,4002.1080368850426,1997,5238.471673259885,0,0,46.0,0.0,0.0,1
62,62,91,91,91,452204003002,2004,452204003,452204003001.0,2.0,2,2,1955.0,1.0,,3809.5238095238105,1991,8253.968253968254,0,1,49.0,15.0,1.0,13
63,63,92,92,92,521204004002,2004,521204004,521204004001.0,2.0,1,2,1964.0,1.0,,2049.494949494949,2000,1973.232323232323,0,2,40.0,0.0,0.0,4
64,64,93,93,93,372104014002,2004,372104014,372104014001.0,2.0,2,2,1963.0,1.0,,10171.875,2000,13125.0,0,0,41.0,22.0,2.0,4
65,65,94,94,94,521202011002,2004,521202011,521202011001.0,2.0,1,2,1958.0,1.0,,6052.631578947368,1993,174342.1052631579,0,1,46.0,23.0,2.0,11
66,66,95,95,95,452203008002,2004,452203008,452203008001.0,2.0,2,2,1953.0,1.0,,4126.228269073953,1989,7000.755857910172,0,0,51.0,23.0,2.0,15
67,67,96,96,96,421103016002,2004,421103016,421103016001.0,2.0,1,2,1962.0,0.0,,5236.969696969697,1997,7866.155303030301,0,1,42.0,13.0,0.0,5
68,68,97,97,97,422203003002,2004,422203003,422203003001.0,2.0,2,2,1959.0,1.0,,2635.989010989011,1997,4020.26098901099,0,1,45.0,15.0,1.0,7
69,69,98,98,98,432304016002,2004,432304016,432304016001.0,2.0,2,2,1962.0,1.0,,792.4262282010741,1997,4157.703641930571,0,0,42.0,23.0,2.0,7
70,70,99,99,99,421103015002,2004,421103015,421103015001.0,2.0,1,2,1952.0,1.0,,5605.399144690426,1989,9003.975855309574,0,0,52.0,0.0,0.0,15
71,71,100,100,100,452104020002,2004,452104020,452104020001.0,2.0,2,2,1956.0,1.0,,3117.460317460318,1991,7252.380952380952,0,0,48.0,23.0,2.0,13
72,72,103,103,103,432304014002,2004,432304014,432304014001.0,2.0,2,2,1962.0,1.0,,4623.376623376623,2000,11558.44155844156,0,0,42.0,16.0,1.0,4
73,73,104,104,104,372104017002,2004,372104017,372104017001.0,2.0,2,2,1952.0,1.0,,2168.036197211283,1989,1407.088620763489,0,0,52.0,15.0,1.0,5
74,74,105,105,105,452303011002,2004,452303011,452303011001.0,2.0,2,2,1951.0,1.0,,15437.26813842603,1989,2896.0651949073,0,0,53.0,23.0,2.0,15
75,75,106,106,106,371202041001,2004,371202041,371202041002.0,2.0,1,2,1969.0,1.0,,8888.888888888889,2004,10370.37037037037,0,1,35.0,26.0,3.0,0
76,76,107,107,107,372302007002,2004,372302007,372302007001.0,2.0,2,2,1962.0,1.0,,12500.0,1997,28125.0,0,0,42.0,23.0,2.0,7
77,77,108,108,108,521202014002,2004,521202014,521202014001.0,2.0,1,2,1959.0,1.0,,9526.315789473683,1997,11578.94736842105,0,1,45.0,25.0,3.0,7
78,78,109,109,109,421104003004,2004,421104003,421104003001.0,2.0,1,2,1962.0,1.0,,15000.0,1997,18750.0,0,1,42.0,25.0,3.0,7
80,80,113,113,113,372302012002,2004,372302012,372302012001.0,2.0,2,2,1951.0,1.0,,5078.125,1989,20254.6875,0,0,53.0,0.0,0.0,8
81,81,114,114,114,521202013002,2004,521202013,521202013001.0,2.0,1,2,1958.0,1.0,,10894.736842105258,1997,17105.26315789474,0,0,46.0,25.0,3.0,7
86,86,119,119,119,421104001002,2004,421104001,421104001001.0,2.0,1,2,1966.0,1.0,,18125.0,2004,13125.0,0,0,38.0,23.0,2.0,0
87,87,121,121,121,421103042002,2004,421103042,421103042001.0,2.0,1,2,1964.0,1.0,,4593.75,2000,18750.0,0,2,40.0,13.0,0.0,4
88,88,122,122,122,422402007002,2004,422402007,422402007001.0,2.0,2,2,1960.0,1.0,,8359.375,1997,15875.0,0,2,44.0,25.0,3.0,7
89,89,124,124,124,432401007041,2004,432401007,432401007001.0,2.0,2,2,1962.0,1.0,,4675.324675324675,1997,7792.207792207791,0,1,42.0,23.0,2.0,7
90,90,126,126,126,521204008002,2004,521204008,521204008001.0,2.0,1,2,1955.0,1.0,,-557.5988896612013,1991,-4154.52232246001,0,0,49.0,11.0,0.0,13
92,92,129,129,129,452105005082,2004,452105005,452105005081.0,2.0,2,2,1969.0,1.0,,5789.4736842105285,2004,5894.736842105262,0,1,35.0,23.0,2.0,0
93,93,133,133,133,372103081002,2004,372103081,372103081001.0,2.0,2,2,1964.0,1.0,,5190.625,2004,3375.0,0,1,40.0,23.0,2.0,0
94,94,134,134,134,422403016002,2004,422403016,422403016001.0,2.0,2,2,1953.0,0.0,,635.4166666666666,1989,1947.916666666667,0,1,51.0,0.0,0.0,11
96,96,138,138,138,422403014002,2004,422403014,422403014001.0,2.0,2,2,1959.0,1.0,,4159.598214285714,1997,42723.21428571428,0,0,45.0,0.0,0.0,7
97,97,139,139,139,412404011002,2004,412404011,412404011001.0,2.0,2,2,1949.0,1.0,,948.6960644855384,1989,1067.2830725462309,0,0,55.0,12.0,0.0,15
98,98,140,140,140,322102005002,2004,322102005,322102005001.0,2.0,2,2,1962.0,1.0,,11212.698412698408,1997,16835.97883597884,0,2,42.0,23.0,2.0,7
99,99,143,143,143,452203006002,2004,452203006,452203006001.0,2.0,2,2,1949.0,1.0,,9791.38321995465,1989,7954.6485260771,0,0,55.0,15.0,1.0,15
100,100,144,144,144,232402020002,2004,232402020,232402020001.0,2.0,2,2,1962.0,0.0,,5477.279185729419,1997,12081.828515359228,0,1,42.0,23.0,2.0,0
101,101,145,145,145,371108019001,2004,371108019,371108019002.0,2.0,1,2,1960.0,1.0,,7812.5,2000,22500.0,0,0,44.0,23.0,2.0,4
102,102,146,146,146,231203015002,2004,231203015,231203015001.0,2.0,1,2,1967.0,1.0,,7681.159420289856,2004,7681.159420289856,1,1,37.0,21.0,1.0,0
103,103,147,147,147,372304005002,2004,372304005,372304005001.0,2.0,2,2,1963.0,1.0,,13909.1647727294,2000,3781.960227270597,0,1,41.0,16.0,1.0,4
104,104,148,148,148,372103010002,2004,372103010,372103010001.0,2.0,2,2,1966.0,1.0,,-98.4375,2004,15000.0,1,1,38.0,15.0,1.0,0
105,105,149,149,149,232402061002,2004,232402061,232402061001.0,2.0,2,2,1965.0,0.0,,84.32147562582347,2000,9567.852437417656,1,0,39.0,15.0,1.0,0
107,107,152,152,152,412404016002,2004,412404016,412404016001.0,2.0,2,2,1962.0,1.0,,11600.592390066078,1997,8381.863750284803,0,2,42.0,26.0,3.0,7
108,108,153,153,153,422403012002,2004,422403012,422403012001.0,2.0,2,2,1951.0,0.0,,93.49593495902245,1989,2687.754065040977,0,0,53.0,0.0,0.0,9
109,109,154,154,154,372304012002,2004,372304012,372304012001.0,2.0,2,2,1960.0,1.0,,10800.0,1997,11700.0,0,1,44.0,22.0,2.0,7
110,110,155,155,155,372104001002,2004,372104001,372104001001.0,2.0,2,2,1963.0,1.0,,7833.333333336809,2000,1666.66666666319,0,1,41.0,15.0,1.0,2
111,111,156,156,156,452403008006,2004,452403008,452403008003.0,2.0,2,2,1965.0,1.0,,15714.28571428571,2000,9523.809523809525,0,2,39.0,23.0,2.0,4
112,112,158,158,158,432302014002,2004,432302014,432302014001.0,2.0,2,2,1960.0,1.0,,4478.571428571428,1997,0.0,0,0,44.0,23.0,2.0,7
113,113,159,159,159,422204011002,2004,422204011,422204011001.0,2.0,2,2,1951.0,1.0,,4028.308823529412,1989,6440.441176470588,0,0,53.0,15.0,1.0,15
114,114,160,160,160,422403011002,2004,422403011,422403011001.0,2.0,2,2,1957.0,0.0,,639.7569444444442,1993,7646.7013888888905,0,0,47.0,0.0,0.0,9
115,115,161,161,161,232103015002,2004,232103015,232103015001.0,2.0,2,2,1962.0,1.0,,11452.17391304348,1997,11452.17391304348,0,1,42.0,26.0,3.0,7
116,116,162,162,162,521204007002,2004,521204007,521204007001.0,2.0,1,2,1950.0,1.0,,378.7878787878788,1989,-1042.424242424242,0,0,54.0,16.0,1.0,15
117,117,164,164,164,422204010002,2004,422204010,422204010001.0,2.0,2,2,1957.0,1.0,,-170.3125,1993,0.0,0,0,47.0,16.0,1.0,11
118,118,165,165,165,422204046002,2004,422204046,422204046001.0,2.0,2,2,1963.0,1.0,,63062.5,2000,62593.75,0,0,41.0,23.0,2.0,4
119,119,166,166,166,521204009002,2004,521204009,521204009001.0,2.0,1,2,1962.0,1.0,,30681.818181818184,1997,10909.09090909091,0,1,42.0,15.0,1.0,7
120,120,169,169,169,422403042002,2004,422403042,422403042001.0,2.0,2,2,1962.0,1.0,,1451.816860465116,2000,10249.78197674419,0,3,42.0,23.0,2.0,4
121,121,170,170,170,212201069002,2004,212201069,212201069001.0,2.0,2,2,1969.0,1.0,,11447.36842105263,2004,11578.94736842105,0,1,35.0,29.0,4.0,0
122,122,171,171,171,212102085002,2004,212102085,212102085001.0,2.0,2,2,1968.0,1.0,,1612.903225806452,2004,20322.58064516129,0,1,36.0,23.0,2.0,0
123,123,172,172,172,452303002002,2004,452303002,452303002001.0,2.0,2,2,1955.0,1.0,,2432.208994709079,1991,2228.50529100524,0,0,49.0,15.0,1.0,13
124,124,173,173,173,522204014003,2004,522204014,522204014002.0,2.0,2,2,1957.0,1.0,,6504.0963937995275,1993,2056.509666806534,0,1,47.0,14.0,0.0,11
125,125,174,174,174,432201019002,2004,432201019,432201019001.0,2.0,2,2,1953.0,1.0,,4585.137085137085,1989,27442.27994227994,0,0,51.0,24.0,2.0,8
127,127,176,176,176,422301002002,2004,422301002,422301002001.0,2.0,2,2,1959.0,0.0,,10632.91139240506,1997,15189.87341772152,0,1,45.0,26.0,3.0,5
128,128,178,178,178,432201016002,2004,432201016,432201016001.0,2.0,2,2,1963.0,1.0,,2168.831168831169,2000,4506.493506493506,0,1,41.0,26.0,3.0,4
129,129,179,179,179,412403019002,2004,412403019,412403019001.0,2.0,2,2,1955.0,1.0,,4527.447651365285,1991,5413.695529166691,0,0,49.0,0.0,0.0,13
130,130,181,181,181,452302081002,2004,452302081,452302081001.0,2.0,2,2,1968.0,1.0,,3911.399711406788,2004,3358.441558434482,5,0,36.0,15.0,1.0,0
131,131,182,182,182,412403020002,2004,412403020,412403020001.0,2.0,2,2,1964.0,1.0,,5877.8332692996155,2000,6857.4721475162205,0,2,40.0,15.0,1.0,4
132,132,183,183,183,422403043002,2004,422403043,422403043001.0,2.0,2,2,1965.0,1.0,,6183.618012422358,2004,8300.756987577639,0,2,39.0,23.0,2.0,0
133,133,184,184,184,432401014002,2004,432401014,432401014001.0,2.0,2,2,1962.0,1.0,,7792.207792207791,2000,7792.207792207791,0,1,42.0,25.0,3.0,4
134,134,185,185,185,452105007002,2004,452105007,452105007001.0,2.0,2,2,1960.0,1.0,,3947.3684210526317,1997,5526.315789473684,0,0,44.0,16.0,1.0,7
135,135,187,187,187,422403020002,2004,422403020,422403020001.0,2.0,2,2,1952.0,1.0,,3221.246301775129,1989,3221.246301775129,0,2,52.0,0.0,0.0,15
136,136,191,191,191,372304019002,2004,372304019,372304019001.0,2.0,2,2,1952.0,0.0,,3080.3571428645173,1989,4107.142857135482,0,1,52.0,0.0,0.0,13
137,137,194,194,194,232103014002,2004,232103014,232103014001.0,2.0,2,2,1960.0,1.0,,8804.347826086958,1997,8804.347826086958,0,1,44.0,12.0,0.0,7
138,138,195,195,195,422403017002,2004,422403017,422403017001.0,2.0,2,2,1967.0,1.0,,18900.66964285502,2004,17380.58035714498,0,3,37.0,16.0,1.0,0
139,139,196,196,196,371108008002,2004,371108008,371108008001.0,2.0,1,2,1960.0,1.0,,12812.5,2000,18750.0,0,0,44.0,26.0,3.0,4
140,140,198,198,198,522204017002,2004,522204017,522204017001.0,2.0,2,2,1956.0,1.0,,2491.907713497601,1991,5394.8166732267855,0,0,48.0,0.0,0.0,13
141,141,200,200,200,232103011002,2004,232103011,232103011001.0,2.0,2,2,1962.0,1.0,,15736.231884057968,1997,7084.057971014493,0,0,42.0,16.0,1.0,7
142,142,201,201,201,372304031002,2004,372304031,372304031001.0,2.0,2,2,1965.0,1.0,,8140.625,2000,18750.0,1,1,39.0,23.0,2.0,4
144,144,205,205,205,432302011002,2004,432302011,432302011001.0,2.0,2,2,1965.0,0.0,,2371.428571428572,2000,41142.85714285714,0,2,39.0,23.0,2.0,2
146,146,207,207,207,412404005002,2004,412404005,412404005001.0,2.0,2,2,1962.0,1.0,,4122.80701754386,1997,4122.80701754386,0,2,42.0,22.0,2.0,7
147,147,208,208,208,212201068002,2004,212201068,212201068001.0,2.0,2,2,1961.0,0.0,,0.0,2000,20952.631578947367,0,1,43.0,23.0,2.0,2
148,148,210,210,210,421102007001,2004,421102007,421102007002.0,2.0,1,2,1960.0,1.0,,8658.227848101265,2000,8354.430379746835,0,1,44.0,28.0,4.0,4
149,149,211,211,211,452403004002,2004,452403004,452403004001.0,2.0,2,2,1957.0,1.0,,3809.5238095238105,1997,38095.238095238084,0,2,47.0,25.0,3.0,7
150,150,212,212,212,432202009002,2004,432202009,432202009001.0,2.0,2,2,1949.0,1.0,,972.3214285700027,1989,756.250000001426,0,0,55.0,15.0,1.0,8
151,151,213,213,213,422301041002,2004,422301041,422301041001.0,2.0,2,2,1962.0,1.0,,21518.98734177215,1997,13417.72151898734,0,1,42.0,29.0,4.0,7
153,153,219,219,219,452303007002,2004,452303007,452303007001.0,2.0,2,2,1951.0,1.0,,6717.687074829932,1989,8123.582766439908,0,1,53.0,15.0,1.0,15
154,154,220,220,220,421101042002,2004,421101042,421101042001.0,2.0,1,2,1968.0,1.0,,7594.93670886076,2004,17215.18987341772,0,1,36.0,28.0,4.0,0
155,155,221,221,221,212201019002,2004,212201019,212201019001.0,2.0,2,2,1965.0,1.0,,15789.473684210532,2000,18684.21052631579,0,1,39.0,26.0,3.0,4
156,156,223,223,223,522201006002,2004,522201006,522201006001.0,2.0,2,2,1954.0,1.0,,4646.616541353384,1989,4646.616541353384,0,1,50.0,16.0,1.0,15
157,157,224,224,224,452103010002,2004,452103010,452103010001.0,2.0,2,2,1952.0,1.0,,4047.8494153326947,1989,3166.676872831565,0,1,52.0,15.0,1.0,15
158,158,225,225,225,231203062001,2004,231203062,231203062002.0,2.0,1,2,1967.0,1.0,,19782.60869563275,2004,2826.086956541166,1,1,37.0,23.0,2.0,0
159,159,227,227,227,452204004002,2004,452204004,452204004001.0,2.0,2,2,1949.0,1.0,,3410.4938271604938,1989,4181.569664902998,0,0,55.0,16.0,1.0,15
160,160,229,229,229,372303005002,2004,372303005,372303005001.0,2.0,2,2,1956.0,1.0,,1677.594246036369,1991,16276.398809521499,0,1,48.0,0.0,0.0,10
161,161,230,230,230,522403015002,2004,522403015,522403015001.0,2.0,2,2,1959.0,1.0,,4266.366041375778,1997,4529.7619047521675,0,1,45.0,13.0,0.0,7
162,162,231,231,231,522303012002,2004,522303012,522303012001.0,2.0,2,2,1953.0,1.0,,4668.486557299802,1989,3322.576327185211,0,1,51.0,12.0,0.0,15
163,163,232,232,232,432202012002,2004,432202012,432202012001.0,2.0,2,2,1957.0,1.0,,9842.120799835084,1997,4308.571428571428,0,0,47.0,15.0,1.0,7
164,164,233,233,233,232403003002,2004,232403003,232403003001.0,2.0,2,2,1965.0,0.0,,8141.500330616192,2000,13829.51416213743,0,2,39.0,23.0,2.0,0
165,165,234,234,234,432304019002,2004,432304019,432304019001.0,2.0,2,2,1959.0,1.0,,3136.6823652540725,1997,3533.2810047093017,0,0,45.0,23.0,2.0,7
167,167,236,236,236,212103008002,2004,212103008,212103008001.0,2.0,2,2,1962.0,1.0,,4193.548387096775,2000,23870.967741935485,0,2,42.0,22.0,2.0,4
168,168,237,237,237,372303004002,2004,372303004,372303004001.0,2.0,2,2,1962.0,1.0,,11531.25,1997,3906.25,0,1,42.0,15.0,1.0,7
169,169,238,238,238,321208002002,2004,321208002,321208002001.0,2.0,1,2,1958.0,1.0,,13015.87301587302,1997,11428.571428571433,0,0,46.0,16.0,1.0,7
170,170,239,239,239,212103007031,2004,212103007,212103007004.0,2.0,2,2,1969.0,1.0,,4000.0,2004,27419.35483870968,1,1,35.0,23.0,2.0,0
171,171,240,240,240,522303003002,2004,522303003,522303003001.0,2.0,2,2,1949.0,1.0,,3199.015324873479,1989,2848.519520144221,0,0,55.0,12.0,0.0,15
172,172,243,243,243,521204005003,2004,521204005,521204005002.0,2.0,1,2,1952.0,1.0,,10855.891618140391,1989,5356.79711043961,0,1,52.0,11.0,0.0,15
174,174,245,245,245,452202017002,2004,452202017,452202017001.0,2.0,2,2,1952.0,1.0,,1097.435897435898,1989,9434.454434454434,0,0,52.0,23.0,2.0,15
175,175,246,246,246,421102017002,2004,421102017,421102017001.0,2.0,1,2,1962.0,1.0,,8520.649533307758,2000,6356.220432169797,0,0,42.0,25.0,3.0,4
176,176,247,247,247,422301043002,2004,422301043,422301043001.0,2.0,2,2,1968.0,1.0,,10632.91139240506,2004,12151.898734177219,0,1,36.0,26.0,3.0,0
177,177,251,251,251,422403005002,2004,422403005,422403005001.0,2.0,2,2,1961.0,1.0,,16949.73458744573,1997,11126.37362637363,0,2,43.0,0.0,0.0,7
178,178,253,253,253,452202015002,2004,452202015,452202015001.0,2.0,2,2,1954.0,1.0,,5238.095238095238,1989,5238.095238095238,0,0,50.0,21.0,1.0,15
179,179,254,254,254,422204001002,2004,422204001,422204001001.0,2.0,2,2,1961.0,1.0,,6134.558823529412,1997,10524.816176470593,0,0,43.0,23.0,2.0,7
180,180,256,256,256,421101006002,2004,421101006,421101006001.0,2.0,1,2,1955.0,1.0,,9367.088607594937,1991,21012.6582278481,0,0,49.0,24.0,2.0,13
181,181,257,257,257,372103009002,2004,372103009,372103009001.0,2.0,2,2,1964.0,1.0,,8275.78125,2000,14463.28125,0,3,40.0,23.0,2.0,2
182,182,259,259,259,452103013002,2004,452103013,452103013001.0,2.0,2,2,1955.0,0.0,,2425.925925925926,1991,1351.851851851852,0,1,49.0,15.0,1.0,11
183,183,260,260,260,522303013002,2004,522303013,522303013001.0,2.0,2,2,1949.0,1.0,,13409.090909090908,1989,3333.333333333333,0,0,55.0,15.0,1.0,15
184,184,261,261,261,522204005002,2004,522204005,522204005001.0,2.0,2,2,1950.0,0.0,,1886.5418894830661,1989,7231.639928698753,0,0,54.0,0.0,0.0,13
185,185,262,262,262,521202005002,2004,521202005,521202005001.0,2.0,1,2,1953.0,1.0,,3500.0,1989,20131.578947368416,0,0,51.0,23.0,2.0,15
186,186,263,263,263,422403004002,2004,422403004,422403004001.0,2.0,2,2,1950.0,1.0,,4500.410104986973,1989,5577.714895013029,0,0,54.0,16.0,1.0,15
187,187,264,264,264,421101009002,2004,421101009,421101009001.0,2.0,1,2,1959.0,1.0,,10632.91139240506,1997,12151.898734177219,0,0,45.0,28.0,4.0,7
188,188,266,266,266,232203005002,2004,232203005,232203005001.0,2.0,2,2,1960.0,0.0,,3381.642512077295,2000,3864.734299516908,0,0,44.0,0.0,0.0,0
191,191,273,273,273,422204004002,2004,422204004,422204004001.0,2.0,2,2,1953.0,1.0,,5003.125,1989,4637.5,0,0,51.0,26.0,3.0,15
192,192,274,274,274,432401002002,2004,432401002,432401002001.0,2.0,2,2,1951.0,0.0,,12467.53246753247,1989,12467.53246753247,0,0,53.0,23.0,2.0,13
194,194,276,276,276,421101002001,2004,421101002,421101002002.0,2.0,1,2,1952.0,0.0,,5483.544303797468,1989,3493.670886075949,0,0,52.0,33.0,5.0,6
196,196,278,278,278,422403006002,2004,422403006,422403006001.0,2.0,2,2,1962.0,1.0,,18234.375,1997,25781.25,0,2,42.0,15.0,1.0,7
197,197,279,279,279,421101017002,2004,421101017,421101017001.0,2.0,1,2,1958.0,0.0,,5422.784810126582,1993,13924.050632911392,0,0,46.0,25.0,3.0,9
199,199,283,283,283,432302005002,2004,432302005,432302005001.0,2.0,2,2,1963.0,1.0,,11510.427128427129,2000,11571.428571428567,0,0,41.0,15.0,1.0,2
200,200,285,285,285,372303017002,2004,372303017,372303017001.0,2.0,2,2,1957.0,1.0,,3125.0,1993,17500.0,0,1,47.0,14.0,0.0,11
201,201,286,286,286,232203001002,2004,232203001,232203001001.0,2.0,2,2,1957.0,0.0,,356.1359252108853,1997,356.1359252108853,0,0,47.0,23.0,2.0,5
202,202,287,287,287,422403009002,2004,422403009,422403009001.0,2.0,2,2,1949.0,1.0,,2742.27998563936,1989,4898.684128371628,0,0,55.0,16.0,1.0,15
204,204,292,292,292,212303016002,2004,212303016,212303016001.0,2.0,2,2,1963.0,1.0,,5298.387096774193,2000,4354.83870967742,0,2,41.0,16.0,1.0,2
205,205,293,293,293,422301016002,2004,422301016,422301016001.0,2.0,2,2,1954.0,1.0,,15443.03797468354,1989,13670.886075949373,0,0,50.0,16.0,1.0,15
206,206,294,294,294,232104064002,2004,232104064,232104064001.0,2.0,2,2,1966.0,1.0,,6521.739130434783,2004,6521.739130434783,0,1,38.0,23.0,2.0,0
207,207,295,295,295,521203009002,2004,521203009,521203009001.0,2.0,1,2,1953.0,1.0,,-611.5864527633768,1989,-1282.352941176017,0,0,51.0,0.0,0.0,15
211,211,302,302,302,321104002002,2004,321104002,321104002001.0,2.0,1,2,1958.0,1.0,,10476.190476190479,1993,19047.61904761905,0,0,46.0,16.0,1.0,11
213,213,304,304,304,422104014002,2004,422104014,422104014001.0,2.0,2,2,1966.0,1.0,,572.9166666666666,2004,1145.833333333333,0,2,38.0,16.0,1.0,0
214,214,305,305,305,372202002004,2004,372202002,372202002003.0,2.0,2,2,1953.0,1.0,,1482.32323232089,1991,2075.252525249246,0,0,51.0,12.0,0.0,13
215,215,306,306,306,232101016002,2004,232101016,232101016001.0,2.0,2,2,1958.0,1.0,,5256.410256410256,1997,11794.87179487179,0,0,46.0,26.0,3.0,7
216,216,307,307,307,321104006002,2004,321104006,321104006001.0,2.0,1,2,1956.0,1.0,,12380.95238095238,1991,86001.01334795213,0,0,48.0,0.0,0.0,12
217,217,310,310,310,422303001002,2004,422303001,422303001001.0,2.0,2,2,1949.0,1.0,,27890.625,1989,27890.625,0,0,55.0,13.0,0.0,15
218,218,311,311,311,232101014002,2004,232101014,232101014001.0,2.0,2,2,1959.0,1.0,,14717.94871794872,1997,14358.974358974361,0,0,45.0,28.0,4.0,7
219,219,312,312,312,212104010002,2004,212104010,212104010001.0,2.0,2,2,1963.0,1.0,,5319.354838709677,2000,19354.83870967742,0,0,41.0,15.0,1.0,4
220,220,313,313,313,422304009002,2004,422304009,422304009001.0,2.0,2,2,1951.0,1.0,,3677.140081048848,1989,4457.210835765397,0,0,53.0,11.0,0.0,15
221,221,316,316,316,321102001002,2004,321102001,321102001001.0,2.0,1,2,1950.0,0.0,,10370.37037037037,1989,14222.222222222219,0,0,54.0,23.0,2.0,13
222,222,317,317,317,321103019002,2004,321103019,321103019001.0,2.0,1,2,1953.0,1.0,,19608.46560846561,1989,12550.26455026455,0,0,51.0,13.0,0.0,15
223,223,320,320,320,432303017002,2004,432303017,432303017001.0,2.0,2,2,1962.0,1.0,,6314.243430984616,1997,1862.8994261582407,0,1,42.0,23.0,2.0,7
224,224,321,321,321,422104010002,2004,422104010,422104010001.0,2.0,2,2,1951.0,1.0,,10644.23076923077,1989,7480.76923076923,0,0,53.0,16.0,1.0,15
225,225,322,322,322,372102003004,2004,372102003,372102003041.0,2.0,2,2,1968.0,0.0,,695.3125,2004,13437.5,0,1,36.0,23.0,2.0,0
226,226,327,327,327,422102005002,2004,422102005,422102005001.0,2.0,2,2,1962.0,1.0,,8125.0,1997,9375.0,0,1,42.0,25.0,3.0,7
227,227,328,328,328,452102004003,2004,452102004,452102004002.0,2.0,2,2,1956.0,1.0,,1004.2328042328039,1991,6516.402116402115,0,0,48.0,22.0,2.0,13
228,228,329,329,329,422101083002,2004,422101083,422101083001.0,2.0,2,2,1966.0,0.0,,3797.468354430379,2004,3797.468354430379,0,1,38.0,26.0,3.0,0
229,229,330,330,330,422304007002,2004,422304007,422304007001.0,2.0,2,2,1961.0,1.0,,3517.0454545559082,1997,11107.28609625146,0,1,43.0,23.0,2.0,7
230,230,332,332,332,521203018002,2004,521203018,521203018001.0,2.0,1,2,1951.0,1.0,,2436.55303030303,1989,8597.413003663003,0,0,53.0,21.0,1.0,13
231,231,333,333,333,432303018002,2004,432303018,432303018061.0,2.0,2,2,1968.0,1.0,,3302.333333333333,2004,1686.857142857143,0,1,36.0,15.0,1.0,0
232,232,335,335,335,372102005002,2004,372102005,372102005001.0,2.0,2,2,1954.0,0.0,,617.1875,1989,18437.5,0,0,50.0,23.0,2.0,9
233,233,336,336,336,451204014002,2004,451204014,451204014001.0,2.0,1,2,1954.0,1.0,,1604.7619047619046,1989,1604.7619047619046,0,0,50.0,15.0,1.0,15
234,234,338,338,338,452104012004,2004,452104012,452104012003.0,2.0,2,2,1966.0,1.0,,8180.708180708011,2004,7597.069597069767,0,1,38.0,23.0,2.0,0
235,235,339,339,339,321103041002,2004,321103041,321103041001.0,2.0,1,2,1968.0,1.0,,14095.2380952381,2004,13333.33333333333,0,1,36.0,23.0,2.0,0
236,236,343,343,343,432301006002,2004,432301006,432301006001.0,2.0,2,2,1956.0,0.0,,1402.597402597403,1991,3272.7272727272716,0,0,48.0,16.0,1.0,11
237,237,344,344,344,212204011002,2004,212204011,212204011001.0,2.0,2,2,1961.0,0.0,,5656.2367608787745,2000,6230.860013314773,0,1,43.0,15.0,1.0,2
238,238,346,346,346,522301006021,2004,522301006,522301006003.0,2.0,2,2,1963.0,1.0,,47368.42105263158,2000,18421.05263157895,0,2,41.0,23.0,2.0,4
239,239,348,348,348,422302062002,2004,422302062,422302062001.0,2.0,2,2,1964.0,1.0,,4613.45486111111,2000,14422.482638888892,0,1,40.0,15.0,1.0,4
240,240,349,349,349,421204042002,2004,421204042,421204042001.0,2.0,1,2,1964.0,0.0,,4319.021739130089,2000,1079.755434782523,0,1,40.0,23.0,2.0,2
241,241,350,350,350,521203020002,2004,521203020,521203020001.0,2.0,1,2,1960.0,1.0,,6015.151515151515,1997,18181.81818181818,0,1,44.0,16.0,1.0,7
242,242,351,351,351,521204014002,2004,521204014,521204014001.0,2.0,1,2,1954.0,1.0,,-1440.1515151515148,1989,-1499.242424242424,0,1,50.0,0.0,0.0,15
243,243,352,352,352,422302061002,2004,422302061,422302061001.0,2.0,2,2,1964.0,0.0,,19687.5,2000,3906.25,0,2,40.0,25.0,3.0,2
244,244,354,354,354,422304015031,2004,422304015,422304015002.0,2.0,2,2,1968.0,1.0,,2742.897727272727,2004,2772.727272727273,0,1,36.0,15.0,1.0,0
245,245,356,356,356,421204014002,2004,421204014,421204014001.0,2.0,1,2,1961.0,1.0,,852.2727272727274,1997,3835.227272727273,0,1,43.0,25.0,3.0,7
246,246,357,357,357,212104005002,2004,212104005,212104005001.0,2.0,2,2,1966.0,1.0,,-10685.29440837802,2004,-927.6088174284346,0,0,38.0,16.0,1.0,0
247,247,358,358,358,432204004002,2004,432204004,432204004001.0,2.0,2,2,1960.0,1.0,,419.2159192159181,1997,223.64122364122485,0,0,44.0,23.0,2.0,7
248,248,359,359,359,521203007002,2004,521203007,521203007001.0,2.0,1,2,1953.0,1.0,,-2437.632135307827,1989,873.9555018632202,0,1,51.0,13.0,0.0,15
249,249,362,362,362,372102009002,2004,372102009,372102009001.0,2.0,2,2,1963.0,1.0,,9375.0,2000,43125.0,0,1,41.0,15.0,1.0,4
250,250,363,363,363,432304001002,2004,432304001,432304001021.0,2.0,2,2,1956.0,1.0,,10672.82913165269,1991,2925.770308121033,0,0,48.0,26.0,3.0,13
251,251,364,364,364,321104011002,2004,321104011,321104011001.0,2.0,1,2,1956.0,0.0,,3809.5238095238105,1991,11047.61904761905,0,0,48.0,0.0,0.0,11
252,252,365,365,365,232404009002,2004,232404009,232404009001.0,2.0,2,2,1958.0,1.0,,-2833.960047003525,1997,0.0,0,0,46.0,12.0,0.0,7
253,253,366,366,366,452102007002,2004,452102007,452102007001.0,2.0,2,2,1955.0,1.0,,4744.983489850829,1991,990.8590031772113,0,1,49.0,16.0,1.0,13
254,254,368,368,368,451204010002,2004,451204010,451204010001.0,2.0,1,2,1966.0,1.0,,2946.320346320347,2004,1774.314574314574,0,2,38.0,15.0,1.0,0
256,256,370,370,370,452203017002,2004,452203017,452203017001.0,2.0,2,2,1953.0,1.0,,531.7460317460317,1989,0.0,0,0,51.0,12.0,0.0,15
258,258,373,373,373,422104018031,2004,422104018,422104018001.0,2.0,2,2,1969.0,1.0,,4513.88888888889,2004,15798.611111111108,0,1,35.0,16.0,1.0,0
259,259,374,374,374,451204011003,2004,451204011,451204011002.0,2.0,1,2,1964.0,1.0,,2496.825396825397,2000,13974.603174603171,0,2,40.0,26.0,3.0,2
260,260,375,375,375,432303004002,2004,432303004,432303004001.0,2.0,2,2,1962.0,1.0,,23268.57142857143,2000,18857.14285714286,0,1,42.0,23.0,2.0,4
261,261,377,377,377,422304010002,2004,422304010,422304010001.0,2.0,2,2,1962.0,1.0,,48281.25,1997,8897.058823529409,0,3,42.0,25.0,3.0,7
262,262,379,379,379,422104019002,2004,422104019,422104019001.0,2.0,2,2,1963.0,1.0,,-36.45833333333335,2000,177.08333333333331,0,0,41.0,22.0,2.0,4
263,263,381,381,381,522202012021,2004,522202012,522202012003.0,2.0,2,2,1964.0,1.0,,8053.0244530244545,2000,984.2049842049844,1,1,40.0,15.0,1.0,4
264,264,383,383,383,432303081002,2004,432303081,432303081001.0,2.0,2,2,1964.0,1.0,,14618.571428571433,2004,0.0,0,1,40.0,23.0,2.0,0
265,265,384,384,384,521203008002,2004,521203008,521203008001.0,1.0,1,2,1952.0,1.0,,1584.492332198754,1989,1866.671926304954,0,0,52.0,0.0,0.0,15
266,266,385,385,385,422304012002,2004,422304012,422304012001.0,2.0,2,2,1957.0,0.0,,10937.5,1993,10937.5,0,2,47.0,14.0,0.0,9
267,267,387,387,387,452304006002,2004,452304006,452304006001.0,2.0,2,2,1953.0,1.0,,12853.609660914228,1989,9460.528397409871,0,0,51.0,15.0,1.0,15
268,268,389,389,389,372102008021,2004,372102008,372102008003.0,2.0,2,2,1966.0,0.0,,617.1875,2004,16875.0,0,1,38.0,23.0,2.0,0
269,269,390,390,390,232404020002,2004,232404020,232404020001.0,2.0,2,2,1969.0,0.0,,0.0,2004,16913.043478260868,1,1,35.0,15.0,1.0,0
270,270,391,391,391,522401062002,2004,522401062,522401062001.0,2.0,2,2,1969.0,1.0,,12368.42105263158,2004,14105.263157894742,0,1,35.0,29.0,4.0,0
271,271,392,392,392,432204020002,2004,432204020,432204020001.0,2.0,2,2,1962.0,0.0,,677.1428571422014,1997,1908.571428572084,0,1,42.0,22.0,2.0,5
272,272,394,394,394,422303014002,2004,422303014,422303014001.0,2.0,2,2,1953.0,1.0,,6555.701754387382,1989,5678.673245612618,0,0,51.0,0.0,0.0,15
273,273,395,395,395,432204019001,2004,432204019,432204019002.0,2.0,2,2,1960.0,1.0,,214.2857142857143,1997,71.42857142857143,0,0,44.0,25.0,3.0,7
274,274,397,397,397,432303013002,2004,432303013,432303013001.0,2.0,2,2,1959.0,1.0,,50347.14285714286,1997,0.0,0,0,45.0,0.0,0.0,7
275,275,398,398,398,232102002002,2004,232102002,232102002001.0,2.0,2,2,1960.0,1.0,,-9333.333333333334,1997,-21420.289855072457,0,0,44.0,16.0,1.0,7
277,277,402,402,402,452104010002,2004,452104010,452104010001.0,2.0,2,2,1952.0,1.0,,3052.777777775786,1989,3932.936507934516,0,0,52.0,15.0,1.0,15
278,278,403,403,403,422303007002,2004,422303007,422303007001.0,2.0,2,2,1957.0,1.0,,875.0000000006944,1993,796.8749999993054,0,1,47.0,13.0,0.0,11
279,279,405,405,405,521204015002,2004,521204015,521204015001.0,2.0,1,2,1955.0,1.0,,-3464.6464646464647,1991,-3005.050505050505,0,2,49.0,14.0,0.0,13
280,280,406,406,406,212104081002,2004,212104081,212104081001.0,2.0,2,2,1966.0,1.0,,14019.98250319199,2004,64249.04123533567,0,1,38.0,16.0,1.0,0
281,281,408,408,408,232102003002,2004,232102003,232102003001.0,2.0,2,2,1959.0,1.0,,1637.68115942029,1997,-3623.188405797102,0,1,45.0,13.0,0.0,7
282,282,409,409,409,212104019002,2004,212104019,212104019001.0,2.0,2,2,1963.0,1.0,,8548.387096774193,2000,8548.387096774193,0,0,41.0,16.0,1.0,4
283,283,410,410,410,422104001002,2004,422104001,422104001001.0,2.0,2,2,1959.0,1.0,,10878.125,1997,7248.4375,0,1,45.0,15.0,1.0,7
284,284,411,411,411,321103002002,2004,321103002,321103002001.0,2.0,1,2,1949.0,0.0,,11809.52380952381,1989,32380.95238095238,0,0,55.0,15.0,1.0,9
285,285,412,412,412,432303010002,2004,432303010,432303010001.0,2.0,2,2,1964.0,1.0,,2634.285714285715,2000,0.0,0,1,40.0,28.0,4.0,4
286,286,413,413,413,452401050002,2004,452401050,452401050001.0,2.0,2,2,1959.0,1.0,,8947.368421052632,1997,8947.368421052632,0,0,45.0,23.0,2.0,7
287,287,414,414,414,422303009002,2004,422303009,422303009001.0,2.0,2,2,1962.0,1.0,,2512.152777777777,1997,8993.055555555555,0,1,42.0,23.0,2.0,7
288,288,415,415,415,321102014002,2004,321102014,321102014001.0,2.0,1,2,1955.0,1.0,,10617.28395061728,1991,7999.999999999999,0,0,49.0,28.0,4.0,13
289,289,416,416,416,212104064002,2004,212104064,212104064001.0,2.0,2,2,1964.0,1.0,,15403.156308772199,2000,10887.16627187296,0,1,40.0,15.0,1.0,4
290,290,418,418,418,372202015002,2004,372202015,372202015001.0,2.0,2,2,1956.0,1.0,,2659.45945945946,1991,2659.45945945946,0,2,48.0,0.0,0.0,13
291,291,419,419,419,211104008002,2004,211104008,211104008001.0,2.0,1,2,1960.0,1.0,,21172.58064516129,2000,15483.870967741941,0,0,44.0,23.0,2.0,2
292,292,420,420,420,521203014002,2004,521203014,521203014001.0,2.0,1,2,1954.0,1.0,,2931.818181818182,1989,2795.4545454545455,0,0,50.0,0.0,0.0,15
293,293,421,421,421,422103013001,2004,422103013,422103013004.0,2.0,2,2,1952.0,1.0,,5625.0,1989,7500.0,0,0,52.0,23.0,2.0,15
294,294,426,426,426,372202014002,2004,372202014,372202014001.0,2.0,2,2,1951.0,1.0,,1002.327586206248,1989,1145.517241378569,0,2,53.0,0.0,0.0,15
295,295,427,427,427,422103020001,2004,422103020,422103020002.0,2.0,2,2,1957.0,1.0,,7500.0,1993,28125.0,0,1,47.0,25.0,3.0,11
296,296,429,429,429,432204015002,2004,432204015,432204015001.0,2.0,2,2,1967.0,0.0,,3217.142857142857,2004,0.0,0,3,37.0,22.0,2.0,0
297,297,430,430,430,521203011002,2004,521203011,521203011001.0,2.0,1,2,1950.0,1.0,,10719.22933034044,1989,878.2267115600447,0,0,54.0,0.0,0.0,15
298,298,431,431,431,232102009002,2004,232102009,232102009001.0,2.0,2,2,1959.0,1.0,,6739.130434782609,1997,6739.130434782609,0,1,45.0,15.0,1.0,7
299,299,432,432,432,422102014031,2004,422102014,422102014003.0,2.0,2,2,1969.0,1.0,,6772.3880597019715,2004,6772.3880597019715,0,1,35.0,23.0,2.0,0
301,301,437,437,437,372102002002,2004,372102002,372102002001.0,2.0,2,2,1962.0,1.0,,993.0555555555555,1997,7899.131944444444,0,0,42.0,0.0,0.0,7
302,302,439,439,439,432204014002,2004,432204014,432204014001.0,2.0,2,2,1949.0,0.0,,2166.4160401002327,1989,526.5664160401263,0,0,55.0,23.0,2.0,13
303,303,440,440,440,422102007002,2004,422102007,422102007001.0,2.0,2,2,1958.0,0.0,,6565.514469456014,1993,6565.514469456014,0,2,46.0,15.0,1.0,9
304,304,441,441,441,372203005002,2004,372203005,372203005001.0,2.0,2,2,1949.0,1.0,,3411.057692297874,1989,4997.596153851063,0,0,55.0,0.0,0.0,15
305,305,442,442,442,521204020002,2004,521204020,521204020001.0,2.0,1,2,1961.0,1.0,,1713.913326816553,1997,836.591723688498,0,1,43.0,0.0,0.0,7
307,307,444,444,444,321103017001,2004,321103017,321103017002.0,2.0,1,2,1950.0,1.0,,9523.809523809525,1989,19047.61904761905,0,0,54.0,13.0,0.0,15
308,308,445,445,445,422304004002,2004,422304004,422304004001.0,2.0,2,2,1953.0,1.0,,1187.5,1989,11437.5,0,1,51.0,14.0,0.0,15
309,309,446,446,446,321103016002,2004,321103016,321103016001.0,2.0,1,2,1951.0,0.0,,11333.33333333333,1989,16507.93650793651,0,0,53.0,32.0,3.0,13
310,310,447,447,447,422304003002,2004,422304003,422304003001.0,2.0,2,2,1953.0,0.0,,4531.25,1989,15781.25,0,0,51.0,12.0,0.0,13
311,311,448,448,448,452102003005,2004,452102003,452102003003.0,2.0,2,2,1956.0,1.0,,1206.349206349206,1991,11539.68253968254,0,0,48.0,22.0,2.0,13
312,312,450,450,450,212104083002,2004,212104083,212104083001.0,2.0,2,2,1966.0,1.0,,6160.2150537634425,2004,6536.559139784948,1,1,38.0,23.0,2.0,0
313,313,451,451,451,372203004004,2004,372203004,372203004003.0,2.0,2,2,1966.0,1.0,,5468.7500000048885,2004,5468.7500000048885,0,1,38.0,21.0,1.0,0
314,314,452,452,452,451204018002,2004,451204018,451204018001.0,2.0,1,2,1958.0,1.0,,801.058201058201,1993,801.058201058201,0,0,46.0,25.0,3.0,11
315,315,453,453,453,422102009002,2004,422102009,422102009001.0,2.0,2,2,1962.0,1.0,,4859.375,1997,4859.375,0,0,42.0,23.0,2.0,7
316,316,454,454,454,232101020002,2004,232101020,232101020001.0,2.0,2,2,1960.0,1.0,,14615.384615384619,1997,10769.23076923077,0,0,44.0,23.0,2.0,7
317,317,455,455,455,432204018002,2004,432204018,432204018001.0,2.0,2,2,1953.0,1.0,,571.4285714285714,1989,0.0,0,0,51.0,16.0,1.0,15
318,318,457,457,457,432303014002,2004,432303014,432303014001.0,2.0,2,2,1954.0,0.0,,18538.4126984127,1989,127233.0158730159,0,0,50.0,0.0,0.0,13
319,319,458,458,458,321103006022,2004,321103006,321103006003.0,2.0,1,2,1966.0,1.0,,22857.142857142866,2004,25079.36507936508,0,1,38.0,23.0,2.0,0
320,320,459,459,459,422303020002,2004,422303020,422303020001.0,2.0,2,2,1962.0,1.0,,4264.194277105212,1997,1662.3682228947891,0,1,42.0,13.0,0.0,7
321,321,460,460,460,452401042002,2004,452401042,452401042001.0,2.0,2,2,1962.0,1.0,,5622.330031020175,1997,7871.2620434282435,0,0,42.0,26.0,3.0,7
322,322,462,462,462,232102008002,2004,232102008,232102008001.0,2.0,2,2,1961.0,1.0,,8367.391304347826,1997,8367.391304347826,0,0,43.0,16.0,1.0,7
323,323,464,464,464,422104003002,2004,422104003,422104003001.0,2.0,2,2,1952.0,1.0,,1193.28125,1989,919.21875,0,0,52.0,15.0,1.0,15
325,325,467,467,467,321102009002,2004,321102009,321102009001.0,2.0,1,2,1955.0,1.0,,8024.691358024691,1991,23456.79012345679,0,0,49.0,23.0,2.0,13
326,326,469,469,469,232404017002,2004,232404017,232404017001.0,2.0,2,2,1957.0,0.0,,0.0,1997,14492.753623188408,0,1,47.0,22.0,2.0,5
327,327,473,473,473,422102015002,2004,422102015,422102015001.0,2.0,2,2,1961.0,1.0,,14218.75,1997,14218.75,0,2,43.0,25.0,3.0,7
328,328,475,475,475,422102018002,2004,422102018,422102018001.0,2.0,2,2,1967.0,1.0,,5093.75,2004,5093.75,0,0,37.0,15.0,1.0,0
329,329,476,476,476,422102019002,2004,422102019,422102019001.0,2.0,2,2,1966.0,1.0,,9333.333333363667,2004,10666.666666636329,0,2,38.0,15.0,1.0,0
330,330,478,478,478,422104005002,2004,422104005,422104005001.0,2.0,2,2,1960.0,1.0,,14074.99999999838,1997,14643.75000000162,0,0,44.0,23.0,2.0,7
331,331,479,479,479,232104014002,2004,232104014,232104014001.0,2.0,2,2,1968.0,1.0,,1263.219741483089,2004,1190.7559733671471,0,1,36.0,16.0,1.0,0
332,332,481,481,481,422202004002,2004,422202004,422202004001.0,2.0,2,2,1964.0,1.0,,5586.712951515143,2000,7692.974548484858,0,0,40.0,23.0,2.0,4
333,333,482,482,482,421202012005,2004,421202012,421202012003.0,2.0,1,2,1966.0,1.0,,10632.91139240506,2004,7594.93670886076,0,1,38.0,26.0,3.0,0
334,334,485,485,485,522203003002,2004,522203003,522203003001.0,2.0,2,2,1954.0,1.0,,3160.397074189835,1989,1778.996865204104,0,0,50.0,15.0,1.0,15
335,335,486,486,486,452203062002,2004,452203062,452203062001.0,2.0,2,2,1966.0,0.0,,1157.369614512353,2004,439.9092970524507,0,3,38.0,16.0,1.0,0
336,336,487,487,487,421202011003,2004,421202011,421202011002.0,2.0,1,2,1953.0,0.0,,7594.93670886076,1989,2278.4810126582283,0,0,51.0,23.0,2.0,13
338,338,491,491,491,522302031002,2004,522302031,522302031001.0,2.0,2,2,1965.0,1.0,,15578.787878787882,2000,1818.181818181818,0,2,39.0,15.0,1.0,4
339,339,492,492,492,432304009002,2004,432304009,432304009001.0,2.0,2,2,1957.0,1.0,,0.0,1993,2714.285714285715,0,0,47.0,26.0,3.0,11
340,340,493,493,493,522203004002,2004,522203004,522203004001.0,2.0,2,2,1949.0,1.0,,690.9090909090909,1989,1612.1212121212118,0,0,55.0,0.0,0.0,15
341,341,495,495,495,212103064002,2004,212103064,212103064001.0,2.0,2,2,1960.0,1.0,,26041.055718475083,2000,24281.52492668622,0,1,44.0,25.0,3.0,4
342,342,496,496,496,212302012002,2004,212302012,212302012001.0,2.0,2,2,1964.0,0.0,,1887.096774193548,2004,16205.82426518995,0,1,40.0,16.0,1.0,0
343,343,498,498,498,422202005001,2004,422202005,422202005002.0,1.0,2,2,1952.0,1.0,,11546.70933762746,1989,6094.931891016945,0,0,52.0,23.0,2.0,15
346,346,502,502,502,452102018001,2004,452102018,452102018002.0,1.0,2,2,1956.0,1.0,,4428.1881045630125,1991,2238.478562103653,0,0,48.0,23.0,2.0,13
347,347,503,503,503,522203001002,2004,522203001,522203001001.0,2.0,2,2,1954.0,1.0,,-496.14624506061216,1989,4076.449275363642,0,0,50.0,15.0,1.0,15
348,348,506,506,506,522201016002,2004,522201016,522201016001.0,2.0,2,2,1958.0,1.0,,12421.05263157895,1993,15789.473684210532,0,0,46.0,16.0,1.0,11
349,349,507,507,507,432304007002,2004,432304007,432304007001.0,2.0,2,2,1950.0,1.0,,1765.0,1989,1765.0,0,0,54.0,23.0,2.0,8
350,350,508,508,508,422401008002,2004,422401008,422401008001.0,2.0,2,2,1954.0,1.0,,1201.557935735151,1989,1228.821811100292,0,0,50.0,0.0,0.0,15
352,352,513,513,513,372102018002,2004,372102018,372102018001.0,2.0,2,2,1960.0,1.0,,695.3125,1997,25625.0,0,1,44.0,0.0,0.0,7
354,354,515,515,515,452102019002,2004,452102019,452102019001.0,2.0,2,2,1958.0,1.0,,4313.175094599017,1993,20036.031254607333,0,1,46.0,22.0,2.0,11
356,356,518,518,518,452203003002,2004,452203003,452203003001.0,2.0,2,2,1951.0,1.0,,6680.057165193258,1989,2518.501878270417,0,0,53.0,22.0,2.0,15
357,357,519,519,519,231204014002,2004,231204014,231204014001.0,2.0,1,2,1963.0,1.0,,12028.98550724638,2000,12028.98550724638,0,2,41.0,22.0,2.0,4
358,358,520,520,520,421201009002,2004,421201009,421201009001.0,2.0,1,2,1961.0,0.0,,7594.93670886076,1997,43037.9746835443,0,0,43.0,29.0,4.0,5
359,359,522,522,522,422202011002,2004,422202011,422202011001.0,2.0,2,2,1960.0,1.0,,4666.666666674056,1997,6114.583333325943,0,1,44.0,23.0,2.0,7
361,361,525,525,526,521204012002,2004,521204012,521204012001.0,2.0,1,2,1953.0,1.0,,1752.525252525252,1989,2217.171717171717,0,1,51.0,15.0,1.0,15
362,362,526,526,527,372102041002,2004,372102041,372102041001.0,2.0,2,2,1965.0,1.0,,5625.0,2000,31875.0,0,1,39.0,15.0,1.0,4
363,363,527,527,528,372102042002,2004,372102042,372102042001.0,2.0,2,2,1968.0,1.0,,4687.5,2004,13125.0,0,2,36.0,15.0,1.0,0
366,366,533,533,534,422401020004,2004,422401020,422401020001.0,2.0,2,2,1966.0,1.0,,3828.70553678281,2004,594.1331381423557,0,1,38.0,16.0,1.0,0
367,367,534,534,535,452303012041,2004,452303012,452303012003.0,2.0,2,2,1969.0,1.0,,17300.018821748883,2004,5721.187025534851,0,2,35.0,23.0,2.0,0
368,368,535,535,536,452401008004,2004,452401008,452401008002.0,2.0,2,2,1956.0,1.0,,23684.21052631579,1991,21578.94736842105,0,0,48.0,23.0,2.0,13
369,369,537,537,538,212103063002,2004,212103063,212103063001.0,2.0,2,2,1968.0,1.0,,9972.814932424582,2004,11214.80956319666,1,1,36.0,23.0,2.0,0
370,370,538,538,539,522203005002,2004,522203005,522203005001.0,2.0,2,2,1951.0,1.0,,1000.0,1989,2871.212121212121,0,0,53.0,0.0,0.0,15
371,371,539,539,540,231204016002,2004,231204016,231204016001.0,2.0,1,2,1967.0,1.0,,5414.49275362616,2004,8846.376811591232,0,1,37.0,13.0,0.0,0
372,372,540,540,541,422202008002,2004,422202008,422202008001.0,2.0,2,2,1955.0,1.0,,3774.671052631579,1991,20131.578947368416,0,0,49.0,23.0,2.0,13
374,374,544,544,545,521204001002,2004,521204001,521204001003.0,2.0,1,2,1963.0,1.0,,3028.956228956229,2000,1728.619528619529,0,1,41.0,25.0,3.0,4
376,376,547,547,548,422202010002,2004,422202010,422202010001.0,2.0,2,2,1965.0,1.0,,2742.768595043822,2000,3223.1404958652693,0,1,39.0,15.0,1.0,4
378,378,554,554,555,422401017002,2004,422401017,422401017001.0,2.0,2,2,1964.0,1.0,,1113.924050632911,2004,151.8987341772152,0,2,40.0,15.0,1.0,0
379,379,555,555,556,372204004002,2004,372204004,372204004001.0,2.0,2,2,1962.0,1.0,,808.1896551751726,1997,10910.56034482483,0,1,42.0,15.0,1.0,7
381,381,561,561,562,521203003002,2004,521203003,521203003001.0,2.0,1,2,1955.0,1.0,,3143.939393939394,1991,1780.30303030303,0,0,49.0,0.0,0.0,13
382,382,564,564,565,321105008002,2004,321105008,321105008001.0,2.0,1,2,1960.0,0.0,,7407.407407407407,1997,7407.407407407407,0,1,44.0,26.0,3.0,1
387,387,572,572,573,321105012004,2004,321105012,321105012003.0,2.0,1,2,1960.0,1.0,,13086.41975308642,1997,16296.2962962963,0,1,44.0,26.0,3.0,7
388,388,573,573,574,522202001002,2004,522202001,522202001001.0,2.0,2,2,1950.0,1.0,,4706.060606060606,1989,3415.151515151515,0,0,54.0,0.0,0.0,15
389,389,577,577,578,452303017002,2004,452303017,452303017001.0,2.0,2,2,1952.0,1.0,,4313.749742314135,1989,3654.504225939833,0,1,52.0,22.0,2.0,15
390,390,578,578,579,321105011002,2004,321105011,321105011001.0,2.0,1,2,1967.0,1.0,,37037.03703703704,2004,35802.46913580246,0,1,37.0,29.0,4.0,0
391,391,581,581,582,421204010002,2004,421204010,421204010001.0,2.0,1,2,1956.0,0.0,,4197.6562500036825,1991,25349.692154576318,0,0,48.0,16.0,1.0,7
392,392,582,582,583,232404004002,2004,232404004,232404004001.0,2.0,2,2,1966.0,0.0,,3803.8647342995173,2004,24139.130434782608,0,2,38.0,16.0,1.0,0
393,393,583,583,584,422304017002,2004,422304017,422304017001.0,2.0,2,2,1955.0,1.0,,3152.6785714285716,1991,11191.071428571433,0,3,49.0,15.0,1.0,13
394,394,585,585,586,521203006002,2004,521203006,521203006001.0,2.0,1,2,1951.0,1.0,,796.1432506873538,1989,1037.190082645979,0,1,53.0,14.0,0.0,15
395,395,586,586,587,321104019004,2004,321104019,321104019003.0,2.0,1,2,1964.0,1.0,,20634.92063492064,2000,26984.126984126982,0,1,40.0,23.0,2.0,4
396,396,587,587,588,212204066002,2004,212204066,212204066001.0,2.0,2,2,1961.0,0.0,,3580.6451612903224,2000,14451.61290322581,0,1,43.0,23.0,2.0,2
397,397,588,588,589,522402001002,2004,522402001,522402001001.0,2.0,2,2,1956.0,1.0,,19163.63636363982,1991,19654.545454542,0,1,48.0,16.0,1.0,13
399,399,591,591,592,421204005021,2004,421204005,421204005001.0,2.0,1,2,1967.0,0.0,,1718.75,2004,5156.25,0,1,37.0,23.0,2.0,0
400,400,592,592,593,232104086002,2004,232104086,232104086001.0,2.0,2,2,1965.0,1.0,,9482.608695652174,2004,17196.20958751393,0,1,39.0,16.0,1.0,0
401,401,593,593,594,452102011004,2004,452102011,452102011002.0,2.0,2,2,1955.0,0.0,,299.3197278911564,1991,3272.108843537415,0,0,49.0,13.0,0.0,11
402,402,595,595,596,452104014002,2004,452104014,452104014001.0,2.0,2,2,1961.0,1.0,,6603.174603174603,1997,7619.047619047618,0,0,43.0,25.0,3.0,7
403,403,596,596,597,422201007001,2004,422201007,422201007002.0,2.0,2,2,1958.0,1.0,,7291.13924050633,1993,17620.25316455696,0,0,46.0,23.0,2.0,11
404,404,597,597,598,321104020002,2004,321104020,321104020001.0,2.0,1,2,1955.0,0.0,,2634.920634920635,1991,38095.238095238084,0,0,49.0,13.0,0.0,7
405,405,598,598,599,422201006042,2004,422201006,422201006041.0,2.0,2,2,1958.0,1.0,,2346.573548668704,1997,2514.185945002182,0,0,46.0,23.0,2.0,7
406,406,599,599,600,432303003002,2004,432303003,432303003001.0,2.0,2,2,1957.0,1.0,,71.42857142857143,1993,8414.285714285717,0,0,47.0,0.0,0.0,11
407,407,600,600,601,421204008002,2004,421204008,421204008001.0,2.0,1,2,1958.0,0.0,,8593.75,1993,20312.5,0,0,46.0,15.0,1.0,9
408,408,604,604,605,371203084002,2004,371203084,371203084001.0,2.0,1,2,1965.0,1.0,,7500.0,2004,20250.0,0,1,39.0,33.0,5.0,0
409,409,605,605,606,212302006002,2004,212302006,212302006001.0,2.0,2,2,1963.0,1.0,,1290.322580645161,2000,7733.870967741936,0,1,41.0,23.0,2.0,4
410,410,606,606,607,522403017002,2004,522403017,522403017001.0,2.0,2,2,1953.0,1.0,,8823.737373737373,1989,8823.737373737373,0,0,51.0,0.0,0.0,15
411,411,607,607,608,212104001002,2004,212104001,212104001001.0,2.0,2,2,1960.0,1.0,,8922.09559459239,2000,4400.485050568901,0,1,44.0,16.0,1.0,4
412,412,608,608,609,432303001002,2004,432303001,432303001001.0,2.0,2,2,1962.0,1.0,,7785.714285714286,1997,571.4285714285714,0,1,42.0,22.0,2.0,7
413,413,609,609,610,422401005002,2004,422401005,422401005001.0,2.0,2,2,1960.0,1.0,,7117.453011123896,1997,7292.6735711545825,0,2,44.0,0.0,0.0,7
414,414,610,610,611,452104017002,2004,452104017,452104017001.0,2.0,2,2,1966.0,1.0,,4453.802401488939,2004,15327.63368980626,1,2,38.0,15.0,1.0,0
415,415,613,613,614,372204015002,2004,372204015,372204015001.0,2.0,2,2,1964.0,1.0,,8120.078740157482,2000,12504.92125984252,0,1,40.0,22.0,2.0,4
416,416,616,616,617,422401006002,2004,422401006,422401006001.0,2.0,2,2,1955.0,1.0,,1481.0126582278479,1991,1481.0126582278479,0,2,49.0,11.0,0.0,13
417,417,617,617,618,432203015002,2004,432203015,432203015001.0,2.0,2,2,1955.0,1.0,,8800.0,1991,1885.7142857142856,0,0,49.0,25.0,3.0,13
418,418,618,618,619,212302007002,2004,212302007,212302007001.0,2.0,2,2,1964.0,1.0,,23443.54838709677,2000,9467.613927291348,0,1,40.0,23.0,2.0,4
419,419,621,621,622,521203001002,2004,521203001,521203001001.0,2.0,1,2,1964.0,1.0,,1019.3602693602693,2000,2571.5488215488213,0,0,40.0,23.0,2.0,4
420,420,622,622,623,432301013002,2004,432301013,432301013001.0,2.0,2,2,1957.0,1.0,,4369.377990430622,1993,2548.803827751196,0,0,47.0,15.0,1.0,11
422,422,627,627,628,452104016002,2004,452104016,452104016001.0,2.0,2,2,1963.0,1.0,,11372.24344282771,2000,22846.804176219903,0,1,41.0,25.0,3.0,4
423,423,628,628,629,422302019002,2004,422302019,422302019001.0,2.0,2,2,1960.0,0.0,,2124.080882352941,1997,7579.0441176470595,0,2,44.0,0.0,0.0,5
424,424,630,630,631,452102013002,2004,452102013,452102013001.0,2.0,2,2,1951.0,1.0,,3473.239723239723,1989,1489.76393976394,0,0,53.0,23.0,2.0,15
425,425,635,635,636,432304004002,2004,432304004,432304004001.0,2.0,2,2,1959.0,1.0,,61.42857142857143,1997,3145.714285714286,0,0,45.0,16.0,1.0,7
426,426,636,636,637,372204012002,2004,372204012,372204012001.0,2.0,2,2,1952.0,1.0,,4919.999999999999,1991,3280.0,0,0,52.0,0.0,0.0,13
429,429,640,640,641,212302003002,2004,212302003,212302003001.0,2.0,2,2,1965.0,1.0,,9338.709677419354,2000,3301.6129032258063,0,2,39.0,16.0,1.0,4
430,430,641,641,642,322404009002,2004,322404009,322404009001.0,2.0,2,2,1950.0,1.0,,7853.832505745483,1989,6860.453208540231,0,0,54.0,0.0,0.0,15
431,431,643,643,644,522404013002,2004,522404013,522404013001.0,2.0,2,2,1954.0,1.0,,9574.216624468487,1989,6170.5999624533615,0,1,50.0,0.0,0.0,15
432,432,646,646,647,212402011002,2004,212402011,212402011001.0,2.0,2,2,1960.0,1.0,,370.9677419354838,2000,13919.35483870968,0,0,44.0,26.0,3.0,4
433,433,647,647,648,411203008004,2004,411203008,411203008003.0,2.0,1,2,1957.0,1.0,,499.41520467836267,1993,14051.461988304092,0,0,47.0,13.0,0.0,11
434,434,648,648,649,411203007002,2004,411203007,411203007001.0,2.0,1,2,1952.0,1.0,,-154.68458379992532,1989,466.9652855543113,0,0,52.0,23.0,2.0,15
435,435,649,649,650,522103019004,2004,522103019,522103019003.0,2.0,2,2,1955.0,1.0,,4996.578690130505,1991,7700.391006839191,0,0,49.0,26.0,3.0,13
436,436,650,650,651,522303020002,2004,522303020,522303020001.0,2.0,2,2,1949.0,1.0,,3424.2424242468373,1989,3030.303030298617,0,0,55.0,0.0,0.0,15
438,438,652,652,653,411103013002,2004,411103013,411103013001.0,2.0,1,2,1960.0,1.0,,9473.684210526317,2000,10526.31578947369,0,1,44.0,23.0,2.0,4
439,439,653,653,654,231104008002,2004,231104008,231104008001.0,2.0,1,2,1958.0,0.0,,9881.422924833438,1997,98814.22924907962,0,1,46.0,26.0,3.0,5
440,440,654,654,655,432103020002,2004,432103020,432103020001.0,2.0,2,2,1952.0,0.0,,17782.3129251528,1989,101646.25850341859,0,0,52.0,15.0,1.0,9
441,441,656,656,657,322202020002,2004,322202020,322202020001.0,2.0,2,2,1956.0,1.0,,10899.4708994709,1991,39047.619047619046,0,0,48.0,15.0,1.0,13
442,442,657,657,658,322404012002,2004,322404012,322404012001.0,2.0,2,2,1963.0,1.0,,1646.616541351681,2000,16464.49456975943,0,0,41.0,21.0,1.0,4
443,443,658,658,659,232304011002,2004,232304011,232304011001.0,2.0,2,2,1966.0,1.0,,4968.944099378882,2004,8320.910973084887,0,1,38.0,15.0,1.0,0
444,444,659,659,660,452302004002,2004,452302004,452302004001.0,2.0,2,2,1965.0,1.0,,6580.991839293759,2000,8072.976414674496,0,2,39.0,25.0,3.0,4
445,445,660,660,661,411203012002,2004,411203012,411203012001.0,2.0,1,2,1960.0,1.0,,8032.667876585364,1997,423.4724742906167,0,4,44.0,15.0,1.0,7
446,446,661,661,662,322202013061,2004,322202013,322202013002.0,2.0,2,2,1964.0,1.0,,7132.653061225242,2000,18510.2040816319,0,0,40.0,15.0,1.0,4
447,447,662,662,663,412103013002,2004,412103013,412103013001.0,2.0,2,2,1950.0,0.0,,0.0,1989,2857.8561506353212,0,0,54.0,13.0,0.0,13
448,448,663,663,664,212402007002,2004,212402007,212402007001.0,2.0,2,2,1962.0,1.0,,3431.451612903226,2000,14657.25806451613,0,1,42.0,23.0,2.0,4
449,449,664,664,665,322202014002,2004,322202014,322202014001.0,2.0,2,2,1957.0,1.0,,12285.71428571429,1993,5714.2857142857165,0,0,47.0,15.0,1.0,11
450,450,665,665,666,322404010002,2004,322404010,322404010001.0,2.0,2,2,1965.0,1.0,,7185.9410430839,2000,17337.868480725618,0,0,39.0,23.0,2.0,4
451,451,667,667,668,452301014021,2004,452301014,452301014004.0,2.0,2,2,1968.0,1.0,,4458.204334365325,2004,4681.11455108359,1,1,36.0,22.0,2.0,0
452,452,669,669,670,322202018002,2004,322202018,322202018001.0,2.0,2,2,1951.0,1.0,,11196.248196248203,1989,10101.0101010101,0,0,53.0,16.0,1.0,15
453,453,673,673,674,412103014002,2004,412103014,412103014001.0,2.0,2,2,1949.0,0.0,,1105.0725179427839,1989,1105.0725179427839,0,0,55.0,13.0,0.0,13
454,454,674,674,675,522304016022,2004,522304016,522304016001.0,2.0,2,2,1968.0,1.0,,2357.459949816641,2004,1264.8137425207499,0,3,36.0,16.0,1.0,0
455,455,676,676,677,232301002002,2004,232301002,232301002001.0,2.0,2,2,1969.0,1.0,,14769.23076923077,2004,9600.0,0,1,35.0,29.0,4.0,0
457,457,678,678,679,322404001002,2004,322404001,322404001001.0,2.0,2,2,1963.0,1.0,,16266.7035806601,2000,10582.50276854625,0,0,41.0,23.0,2.0,4
458,458,679,679,680,452202004002,2004,452202004,452202004001.0,2.0,2,2,1956.0,1.0,,22139.04761904762,1991,10667.30158730159,0,0,48.0,23.0,2.0,13
459,459,680,680,681,212402081002,2004,212402081,212402081001.0,2.0,2,2,1965.0,1.0,,3320.099255585331,2004,7276.674937963055,0,1,39.0,21.0,1.0,0
460,460,681,681,682,412204082002,2004,412204082,412204082001.0,2.0,2,2,1968.0,0.0,,55406.71868946805,2004,19399.52404670982,0,2,36.0,15.0,1.0,0
461,461,683,683,684,322203004002,2004,322203004,322203004001.0,2.0,2,2,1958.0,1.0,,22833.33333333962,1993,32801.58730158102,0,0,46.0,0.0,0.0,11
462,462,684,684,685,411203005002,2004,411203005,411203005001.0,2.0,1,2,1952.0,0.0,,944.8621553868086,1989,-1120.0501253124519,0,0,52.0,23.0,2.0,13
463,463,685,685,686,322404002002,2004,322404002,322404002001.0,2.0,2,2,1959.0,1.0,,7761.904761906682,1997,6111.11111110919,0,0,45.0,15.0,1.0,7
464,464,689,689,690,322302020002,2004,322302020,322302020001.0,2.0,2,2,1958.0,1.0,,13825.396825396829,1993,18920.63492063492,0,0,46.0,23.0,2.0,11
465,465,690,690,691,322203007002,2004,322203007,322203007001.0,2.0,2,2,1950.0,1.0,,7500.0,1989,11706.349206349209,0,0,54.0,15.0,1.0,15
466,466,693,693,694,411103042002,2004,411103042,411103042001.0,2.0,1,2,1959.0,1.0,,124944.9204406365,1997,-734.3941248470012,0,1,45.0,23.0,2.0,3
467,467,696,696,697,412204019002,2004,412204019,412204019001.0,2.0,2,2,1962.0,1.0,,8684.210526315792,1997,15263.157894736842,0,1,42.0,26.0,3.0,7
468,468,700,700,701,231103009001,2004,231103009,231103009002.0,2.0,1,2,1961.0,1.0,,17902.81329923274,1997,7459.505541346974,0,2,43.0,26.0,3.0,7
469,469,701,701,702,212402015002,2004,212402015,212402015001.0,2.0,2,2,1963.0,1.0,,634.1642228703818,2000,1099.706744871554,0,1,41.0,23.0,2.0,4
470,470,702,702,703,212402017002,2004,212402017,212402017001.0,2.0,2,2,1960.0,1.0,,5608.444794136235,2000,7778.651980057314,0,1,44.0,16.0,1.0,4
471,471,704,704,705,232304005002,2004,232304005,232304005001.0,2.0,2,2,1963.0,0.0,,2166.666666666667,2000,4811.119030643984,0,0,41.0,21.0,1.0,2
472,472,705,705,706,322404004002,2004,322404004,322404004001.0,2.0,2,2,1967.0,1.0,,2913.7566137566137,2004,28783.06878306878,0,2,37.0,16.0,1.0,0
473,473,713,713,714,452302008003,2004,452302008,452302008001.0,2.0,2,2,1951.0,1.0,,4506.525573191323,1989,4722.7513227499485,0,0,53.0,15.0,1.0,15
474,474,715,715,716,452404017002,2004,452404017,452404017001.0,2.0,2,2,1952.0,0.0,,4644.444444444444,1989,4644.444444444444,0,1,52.0,14.0,0.0,13
475,475,717,717,718,451103018001,2004,451103018,451103018002.0,2.0,1,2,1962.0,0.0,,1428.5714285714291,1997,1428.5714285714291,0,2,42.0,25.0,3.0,5
476,476,719,719,720,452404016002,2004,452404016,452404016001.0,2.0,2,2,1958.0,1.0,,3505.668934240362,1993,4526.077097505668,0,0,46.0,22.0,2.0,11
477,477,721,721,722,322202002002,2004,322202002,322202002001.0,2.0,2,2,1958.0,1.0,,8699.813258631568,1993,20506.535947717643,0,0,46.0,15.0,1.0,11
478,478,722,722,723,522402019002,2004,522402019,522402019001.0,2.0,2,2,1957.0,1.0,,2649.444444444444,1993,3049.040404040404,0,0,47.0,13.0,0.0,11
480,480,724,724,725,452404018002,2004,452404018,452404018001.0,2.0,2,2,1956.0,1.0,,4309.523809523809,1991,4309.523809523809,0,0,48.0,23.0,2.0,13
481,481,725,725,726,322402005002,2004,322402005,322402005001.0,2.0,2,2,1960.0,1.0,,7581.351927858775,1997,14773.113553112933,0,0,44.0,12.0,0.0,7
482,482,726,726,727,431102049001,2004,431102049,431102049002.0,2.0,1,2,1965.0,1.0,,8441.558441558442,2004,3246.753246753246,0,1,39.0,23.0,2.0,0
483,483,728,728,729,212401069004,2004,212401069,212401069003.0,2.0,2,2,1960.0,1.0,,7105.263157894738,2000,9473.684210526317,0,0,44.0,28.0,4.0,4
485,485,731,731,732,452202008002,2004,452202008,452202008001.0,2.0,2,2,1954.0,1.0,,3106.934001670936,1991,969.2564745195402,0,0,50.0,16.0,1.0,13
487,487,733,733,734,231101018002,2004,231101018,231101018001.0,2.0,1,2,1963.0,1.0,,20256.41025641025,2000,18461.53846153846,0,0,41.0,26.0,3.0,4
488,488,734,734,735,322402004002,2004,322402004,322402004001.0,2.0,2,2,1952.0,1.0,,10508.97442310145,1989,11973.664465787342,0,0,52.0,0.0,0.0,15
489,489,736,736,737,232204017002,2004,232204017,232204017001.0,2.0,2,2,1965.0,0.0,,1963.7681159420288,2000,1963.7681159420288,1,0,39.0,23.0,2.0,0
490,490,737,737,738,412103011002,2004,412103011,412103011001.0,2.0,2,2,1949.0,0.0,,-932.9919626652388,1989,9296.86284677207,0,0,55.0,23.0,2.0,9
491,491,738,738,739,452204017002,2004,452204017,452204017001.0,2.0,2,2,1951.0,1.0,,10543.20987654321,1989,305.9964726631394,0,0,53.0,16.0,1.0,15
492,492,739,739,740,231101013002,2004,231101013,231101013001.0,2.0,1,2,1958.0,1.0,,20512.82051282051,1997,19230.76923076923,0,0,46.0,33.0,5.0,7
493,493,741,741,742,452404020002,2004,452404020,452404020001.0,2.0,2,2,1965.0,1.0,,6349.206349206349,2004,31693.620844564237,0,3,39.0,15.0,1.0,0
494,494,745,745,746,452404043002,2004,452404043,452404043001.0,2.0,2,2,1962.0,0.0,,1509.523809523809,1997,3428.5714285714284,0,2,42.0,15.0,1.0,5
495,495,748,748,749,411203013002,2004,411203013,411203013001.0,2.0,1,2,1951.0,1.0,,4028.0701754397387,1989,77.19298245499809,0,0,53.0,13.0,0.0,15
496,496,749,749,750,322202011002,2004,322202011,322202011001.0,2.0,2,2,1953.0,1.0,,4244.444444444444,1989,14285.71428571429,0,0,51.0,0.0,0.0,15
497,497,750,750,751,521108004002,2004,521108004,521108004001.0,2.0,1,2,1965.0,1.0,,2845.0909090908667,2000,2074.545454545424,0,2,39.0,26.0,3.0,4
498,498,751,751,752,412302019003,2004,412302019,412302019002.0,2.0,2,2,1964.0,1.0,,1178.31082130104,2000,8088.309268747091,0,2,40.0,26.0,3.0,4
499,499,752,752,753,522103005002,2004,522103005,522103005001.0,2.0,2,2,1955.0,1.0,,272.72727272718583,1991,90.90909090939522,0,0,49.0,23.0,2.0,13
500,500,755,755,756,452404019002,2004,452404019,452404019001.0,2.0,2,2,1956.0,1.0,,2876.018916338465,1991,9596.391275808568,0,1,48.0,22.0,2.0,13
503,503,761,761,762,522304019002,2004,522304019,522304019001.0,2.0,2,2,1963.0,1.0,,9286.732456140278,2000,8976.525119617208,0,1,41.0,13.0,0.0,4
505,505,764,764,765,322404019002,2004,322404019,322404019001.0,2.0,2,2,1954.0,1.0,,5826.7770876449085,1989,4697.032436164614,0,0,50.0,0.0,0.0,15
506,506,765,765,766,231103006001,2004,231103006,231103006002.0,2.0,1,2,1967.0,1.0,,2706.086956521734,2004,2629.565217391234,0,1,37.0,22.0,2.0,0
507,507,770,770,771,212404016002,2004,212404016,212404016001.0,2.0,2,2,1962.0,1.0,,11612.90322580645,2000,10645.16129032258,0,1,42.0,29.0,4.0,4
508,508,771,771,772,522304010002,2004,522304010,522304010001.0,2.0,2,2,1952.0,1.0,,4801.354057819575,1989,6183.49442702891,0,0,52.0,13.0,0.0,15
509,509,772,772,773,412104017021,2004,412104017,412104017004.0,2.0,2,2,1968.0,1.0,,7578.947368421053,2004,6140.350877192984,1,1,36.0,23.0,2.0,0
510,510,773,773,774,412202009002,2004,412202009,412202009001.0,2.0,2,2,1952.0,1.0,,7684.210526319958,1989,8105.26315789057,0,0,52.0,14.0,0.0,15
511,511,774,774,775,451102008021,2004,451102008,451102008003.0,2.0,1,2,1954.0,1.0,,12631.57894736842,1991,12495.112781954893,0,0,50.0,26.0,3.0,13
512,512,775,775,776,522404007002,2004,522404007,522404007001.0,2.0,2,2,1965.0,1.0,,-567.2579453067258,2004,4582.409460458241,0,1,39.0,0.0,0.0,0
513,513,777,777,778,522404006002,2004,522404006,522404006001.0,2.0,2,2,1955.0,1.0,,3410.288095587255,1991,2594.2573589582003,0,0,49.0,0.0,0.0,13
514,514,779,779,780,522304009002,2004,522304009,522304009001.0,2.0,2,2,1956.0,1.0,,3524.616386747133,1991,1497.9999434398846,0,0,48.0,0.0,0.0,13
516,516,781,781,782,322403002002,2004,322403002,322403002001.0,2.0,2,2,1955.0,1.0,,10291.21359830021,1991,11264.34195725534,0,0,49.0,0.0,0.0,13
518,518,784,784,785,522103012002,2004,522103012,522103012001.0,2.0,2,2,1953.0,1.0,,-364.4167723115091,1989,4144.719802614539,0,0,51.0,13.0,0.0,15
519,519,785,785,786,322204082002,2004,322204082,322204082001.0,2.0,2,2,1965.0,1.0,,3833.333333333333,2004,14944.444444444442,0,1,39.0,23.0,2.0,0
520,520,786,786,787,522103009002,2004,522103009,522103009001.0,2.0,2,2,1952.0,0.0,,415.1515151515151,1989,696.9696969696968,0,0,52.0,12.0,0.0,9
521,521,787,787,788,212404020002,2004,212404020,212404020001.0,2.0,2,2,1961.0,1.0,,8112.903225806452,2000,23225.8064516129,0,0,43.0,26.0,3.0,4
522,522,788,788,789,412202017002,2004,412202017,412202017001.0,2.0,2,2,1954.0,0.0,,2684.2105263157896,1989,6421.0526315789475,0,0,50.0,0.0,0.0,10
523,523,790,790,791,452204083002,2004,452204083,452204083001.0,2.0,2,2,1961.0,1.0,,3001.763668430335,2000,2744.2680776014104,0,0,43.0,21.0,1.0,4
524,524,791,791,792,322403007002,2004,322403007,322403007001.0,2.0,2,2,1956.0,1.0,,7760.141093474426,1991,17350.97001763669,0,0,48.0,0.0,0.0,13
525,525,795,795,796,322403008002,2004,322403008,322403008001.0,2.0,2,2,1954.0,1.0,,4603.174603174603,1989,5238.095238095238,0,0,50.0,0.0,0.0,15
526,526,796,796,797,432103004002,2004,432103004,432103004001.0,2.0,2,2,1960.0,1.0,,745.7875457879749,1997,997.0695970691679,0,0,44.0,23.0,2.0,2
527,527,798,798,799,322204018003,2004,322204018,322204018002.0,2.0,2,2,1949.0,1.0,,10953.35775335775,1989,13278.388278388278,0,0,55.0,13.0,0.0,15
528,528,801,801,802,411201006002,2004,411201006,411201006001.0,2.0,1,2,1952.0,0.0,,18086.95652173913,1989,16521.73913043478,0,1,52.0,26.0,3.0,13
529,529,802,802,803,431201008001,2004,431201008,431201008002.0,2.0,1,2,1950.0,1.0,,28571.42857142857,1989,19480.519480519484,0,0,54.0,28.0,4.0,15
530,530,804,804,805,431201009001,2004,431201009,431201009002.0,2.0,1,2,1953.0,0.0,,7636.363636363636,1989,20010.389610389608,0,0,51.0,28.0,4.0,9
532,532,809,809,810,322402020002,2004,322402020,322402020001.0,2.0,2,2,1954.0,1.0,,8225.168838989584,1989,7732.2235127109925,0,0,50.0,0.0,0.0,15
533,533,810,810,811,412201013002,2004,412201013,412201013001.0,2.0,2,2,1957.0,0.0,,11739.13043478261,1993,11739.13043478261,0,0,47.0,0.0,0.0,9
534,534,811,811,812,212404010002,2004,212404010,212404010001.0,2.0,2,2,1964.0,1.0,,3693.0912890165855,2000,8113.360323886641,0,2,40.0,23.0,2.0,4
535,535,812,812,813,431202002002,2004,431202002,431202002003.0,2.0,1,2,1960.0,1.0,,23111.68831168831,1997,15584.415584415581,0,2,44.0,28.0,4.0,7
536,536,814,814,815,522404005002,2004,522404005,522404005001.0,2.0,2,2,1959.0,1.0,,1785.166177907708,1997,3105.021994134087,0,1,45.0,0.0,0.0,7
537,537,815,815,816,212404012002,2004,212404012,212404012001.0,2.0,2,2,1960.0,0.0,,3198.5111662531012,2000,31185.13906803416,0,2,44.0,26.0,3.0,2
538,538,818,818,819,322402083002,2004,322402083,322402083001.0,2.0,2,2,1968.0,1.0,,6492.063492063492,2004,7698.412698412699,0,1,36.0,15.0,1.0,0
539,539,819,819,820,522103011003,2004,522103011,522103011004.0,2.0,2,2,1963.0,1.0,,2461.666666666667,2000,3636.363636363636,0,2,41.0,15.0,1.0,4
540,540,821,821,822,322402018002,2004,322402018,322402018001.0,2.0,2,2,1956.0,1.0,,7206.653839987171,1991,4175.88584255251,0,0,48.0,0.0,0.0,13
541,541,823,823,824,411201019002,2004,411201019,411201019001.0,2.0,1,2,1960.0,1.0,,16376.8115942029,1997,15652.173913043482,0,0,44.0,26.0,3.0,7
542,542,824,824,825,411201043002,2004,411201043,411201043001.0,2.0,1,2,1962.0,1.0,,15942.028985507251,1997,20869.565217391308,0,0,42.0,29.0,4.0,7
543,543,827,827,828,231103012002,2004,231103012,231103012001.0,2.0,1,2,1957.0,1.0,,6956.521739130435,1997,13913.04347826087,0,1,47.0,0.0,0.0,7
544,544,828,828,829,212404006002,2004,212404006,212404006001.0,2.0,2,2,1964.0,1.0,,4153.225806451614,2000,1250.0,0,1,40.0,16.0,1.0,4
545,545,831,831,832,431201041001,2004,431201041,431201041002.0,2.0,1,2,1957.0,1.0,,15584.415584415581,1997,15324.675324675332,0,0,47.0,23.0,2.0,7
546,546,834,834,835,411201017002,2004,411201017,411201017001.0,2.0,1,2,1958.0,1.0,,6608.695652173914,1993,8695.652173913044,0,0,46.0,26.0,3.0,11
547,547,835,835,836,322402019002,2004,322402019,322402019001.0,2.0,2,2,1965.0,1.0,,14845.685642678132,2000,6630.504833512354,0,0,39.0,15.0,1.0,4
548,548,836,836,837,212404009002,2004,212404009,212404009001.0,2.0,2,2,1964.0,1.0,,973.2917100285628,2000,4123.482483519824,0,1,40.0,16.0,1.0,4
549,549,837,837,838,232303003002,2004,232303003,232303003001.0,2.0,2,2,1960.0,0.0,,11416.74718196336,1997,16462.962962964182,0,0,44.0,16.0,1.0,5
550,550,839,839,840,522102015002,2004,522102015,522102015001.0,2.0,2,2,1949.0,1.0,,5376.6276926692635,1989,8023.067162165059,0,1,55.0,15.0,1.0,15
551,551,842,842,843,521108015002,2004,521108015,521108015001.0,2.0,1,2,1957.0,1.0,,18173.79679144385,1997,5659.536541889483,0,1,47.0,13.0,0.0,7
552,552,844,844,845,452302002002,2004,452302002,452302002001.0,2.0,2,2,1961.0,1.0,,2512.04481791625,2000,4395.891690020257,0,3,43.0,23.0,2.0,4
553,553,845,845,846,431104014002,2004,431104014,431104014001.0,2.0,1,2,1955.0,1.0,,12857.142857142859,1991,26925.714285714294,0,0,49.0,26.0,3.0,13
554,554,846,846,847,431202019002,2004,431202019,431202019001.0,2.0,1,2,1951.0,0.0,,10254.54545454545,1989,10441.558441558442,0,0,53.0,23.0,2.0,6
555,555,848,848,849,322403016002,2004,322403016,322403016001.0,2.0,2,2,1954.0,1.0,,10718.437118437121,1989,13199.0231990232,0,0,50.0,0.0,0.0,15
557,557,852,852,853,522304013002,2004,522304013,522304013001.0,2.0,2,2,1966.0,1.0,,10634.09090909054,2004,5471.969696970067,0,2,38.0,23.0,2.0,0
558,558,853,853,854,431104012002,2004,431104012,431104012001.0,2.0,1,2,1952.0,0.0,,2971.4285714285716,1989,25142.857142857134,0,0,52.0,29.0,4.0,9
559,559,854,854,855,431104013002,2004,431104013,431104013001.0,2.0,1,2,1951.0,1.0,,29500.0,1989,111428.5714285714,0,0,53.0,29.0,4.0,15
560,560,855,855,856,231104001002,2004,231104001,231104001001.0,2.0,1,2,1957.0,0.0,,0.0,1997,13260.86956521739,0,0,47.0,23.0,2.0,5
561,561,856,856,857,322302015002,2004,322302015,322302015001.0,2.0,2,2,1965.0,1.0,,23286.54970760234,2000,25062.656641604008,0,1,39.0,23.0,2.0,4
562,562,857,857,858,522302013002,2004,522302013,522302013001.0,2.0,2,2,1952.0,1.0,,6922.502047502166,1989,10001.74037674026,0,1,52.0,23.0,2.0,15
563,563,858,858,859,431104019001,2004,431104019,431104019002.0,2.0,1,2,1949.0,0.0,,33942.85714285714,1989,24142.857142857134,0,0,55.0,33.0,5.0,13
564,564,859,859,860,322402014002,2004,322402014,322402014001.0,2.0,2,2,1956.0,1.0,,4734.586513600105,1991,5307.941090094081,0,1,48.0,0.0,0.0,13
565,565,862,862,863,231101001002,2004,231101001,231101001001.0,2.0,1,2,1959.0,1.0,,27692.30769230769,1997,30769.230769230766,0,0,45.0,34.0,5.0,7
566,566,863,863,864,522102017002,2004,522102017,522102017001.0,2.0,2,2,1954.0,1.0,,3271.254208754209,1989,4986.321548821548,0,0,50.0,16.0,1.0,15
567,567,864,864,865,322203019002,2004,322203019,322203019001.0,2.0,2,2,1962.0,1.0,,5642.857142857143,1997,7071.428571428572,0,1,42.0,21.0,1.0,7
568,568,867,867,868,431104017002,2004,431104017,431104017001.0,2.0,1,2,1952.0,1.0,,29714.285714285717,1989,45428.571428571435,0,0,52.0,28.0,4.0,15
569,569,870,870,871,431202018002,2004,431202018,431202018001.0,2.0,1,2,1952.0,0.0,,10129.870129870129,1989,10753.24675324675,0,0,52.0,23.0,2.0,6
570,570,871,871,872,411203002002,2004,411203002,411203002001.0,2.0,1,2,1956.0,0.0,,-171.9298245614035,1991,5789.4736842105285,0,2,48.0,21.0,1.0,11
571,571,872,872,873,431104009002,2004,431104009,431104009001.0,2.0,1,2,1953.0,1.0,,27885.714285714294,1989,15142.857142857141,0,0,51.0,28.0,4.0,15
572,572,873,873,874,211203062002,2004,211203062,211203062001.0,2.0,1,2,1960.0,1.0,,25161.29032258064,2000,37096.77419354839,0,1,44.0,29.0,4.0,4
573,573,875,875,876,322302019002,2004,322302019,322302019001.0,2.0,2,2,1965.0,1.0,,5079.3650793650795,2000,5238.095238095238,0,1,39.0,16.0,1.0,4
574,574,876,876,877,211203061002,2004,211203061,211203061001.0,2.0,1,2,1962.0,1.0,,29032.25806451613,2000,21290.32258064516,0,1,42.0,35.0,5.0,4
575,575,877,877,878,322203014002,2004,322203014,322203014001.0,2.0,2,2,1950.0,1.0,,8044.200244200243,1989,13685.95848595848,0,0,54.0,0.0,0.0,15
576,576,878,878,879,522403081002,2004,522403081,522403081001.0,2.0,2,2,1965.0,1.0,,3213.131313131314,2004,3112.626262626263,1,1,39.0,0.0,0.0,0
577,577,880,880,881,322203013002,2004,322203013,322203013001.0,2.0,2,2,1956.0,1.0,,4132.275132275132,1991,20121.69312169312,0,0,48.0,0.0,0.0,13
578,578,881,881,882,412204009002,2004,412204009,412204009001.0,2.0,2,2,1954.0,0.0,,3860.323886639676,1989,11478.02197802198,0,1,50.0,0.0,0.0,13
579,579,883,883,884,322402013002,2004,322402013,322402013001.0,2.0,2,2,1956.0,1.0,,12057.64411027569,1991,7894.736842105262,0,0,48.0,0.0,0.0,13
580,580,884,884,885,432103007002,2004,432103007,432103007001.0,2.0,2,2,1963.0,1.0,,3771.4285714285716,2000,0.0,0,1,41.0,23.0,2.0,4
581,581,886,886,887,322204007002,2004,322204007,322204007001.0,2.0,2,2,1952.0,1.0,,5590.702947848898,1989,15147.39229024634,0,0,52.0,14.0,0.0,15
582,582,887,887,888,452204081002,2004,452204081,452204081001.0,2.0,2,2,1965.0,1.0,,4099.929921731494,2000,2668.085324587224,0,1,39.0,23.0,2.0,4
583,583,888,888,889,212404063002,2004,212404063,212404063001.0,2.0,2,2,1963.0,1.0,,15483.870967741941,2000,20322.58064516129,0,1,41.0,33.0,5.0,4
584,584,889,889,890,322204002002,2004,322204002,322204002001.0,2.0,2,2,1957.0,1.0,,3614.285714288753,1993,12939.68253967798,0,0,47.0,15.0,1.0,7
585,585,891,891,892,322204004002,2004,322204004,322204004001.0,2.0,2,2,1953.0,1.0,,11367.69088399522,1989,13902.15038584605,0,0,51.0,0.0,0.0,15
586,586,892,892,893,432103005004,2004,432103005,432103005001.0,2.0,2,2,1966.0,1.0,,1484.3224196138974,2004,2435.1020408175077,0,2,38.0,23.0,2.0,0
587,587,893,893,894,322302008002,2004,322302008,322302008001.0,2.0,2,2,1951.0,1.0,,12817.235396181479,1989,9031.970953024866,0,0,53.0,16.0,1.0,15
588,588,894,894,895,522103008004,2004,522103008,522103008003.0,2.0,2,2,1955.0,1.0,,1569.69696969697,1991,2930.3030303030296,0,1,49.0,23.0,2.0,13
589,589,895,895,896,232303012002,2004,232303012,232303012001.0,2.0,2,2,1957.0,0.0,,4102.829537612146,1997,3606.248823640128,0,0,47.0,0.0,0.0,5
590,590,896,896,897,411202043002,2004,411202043,411202043001.0,2.0,1,2,1962.0,1.0,,11304.34782608696,1997,28782.608695652183,0,1,42.0,26.0,3.0,7
591,591,897,897,898,522304011002,2004,522304011,522304011001.0,2.0,2,2,1961.0,1.0,,9933.884297516775,1997,15732.78236914989,0,2,43.0,23.0,2.0,7
592,592,898,898,899,432103006002,2004,432103006,432103006001.0,2.0,2,2,1952.0,0.0,,16771.42857142596,1989,7191.428571431186,0,0,52.0,16.0,1.0,10
593,593,900,900,901,412104013004,2004,412104013,412104013003.0,2.0,2,2,1962.0,1.0,,2704.385964912281,1997,2704.385964912281,0,1,42.0,26.0,3.0,3
594,594,901,901,902,412203045002,2004,412203045,412203045001.0,2.0,2,2,1960.0,1.0,,9817.982456140351,1997,18752.19298245614,0,2,44.0,15.0,1.0,7
595,595,902,902,903,322403012002,2004,322403012,322403012001.0,2.0,2,2,1956.0,1.0,,3476.190476190476,1991,3571.4285714285716,0,0,48.0,0.0,0.0,13
596,596,903,903,904,521108012002,2004,521108012,521108012001.0,2.0,1,2,1964.0,1.0,,1360.1755887830313,2000,4578.696198615335,0,3,40.0,14.0,0.0,4
597,597,904,904,905,431104081002,2004,431104081,431104081001.0,2.0,1,2,1967.0,1.0,,24571.42857142857,2004,27428.57142857143,0,1,37.0,25.0,3.0,0
598,598,905,905,906,322302012002,2004,322302012,322302012001.0,2.0,2,2,1954.0,1.0,,21542.80904280904,1989,9711.159211159207,0,0,50.0,16.0,1.0,15
599,599,906,906,907,212101006002,2004,212101006,212101006001.0,2.0,2,2,1963.0,1.0,,16310.526315789468,2000,20000.0,0,1,41.0,29.0,4.0,4
600,600,907,907,908,431202017001,2004,431202017,431202017002.0,2.0,1,2,1954.0,0.0,,10909.09090909091,1989,18597.4025974026,0,0,50.0,23.0,2.0,9
601,601,909,909,910,412104011002,2004,412104011,412104011001.0,2.0,2,2,1957.0,1.0,,431.5789473684211,1993,6203.508771929825,0,0,47.0,13.0,0.0,11
602,602,910,910,911,232303016002,2004,232303016,232303016001.0,2.0,2,2,1964.0,1.0,,7734.782608695653,2000,8695.652173913044,0,1,40.0,23.0,2.0,4
604,604,912,912,913,521108082002,2004,521108082,521108082001.0,2.0,1,2,1966.0,1.0,,6121.212121212122,2004,16363.63636363636,1,1,38.0,23.0,2.0,0
605,605,913,913,914,322302011002,2004,322302011,322302011041.0,2.0,2,2,1954.0,1.0,,22442.857142857134,1989,22857.142857142866,0,1,50.0,23.0,2.0,15
606,606,914,914,915,322402015002,2004,322402015,322402015001.0,2.0,2,2,1955.0,1.0,,6718.175625167842,1991,8426.591186836778,0,1,49.0,12.0,0.0,13
607,607,915,915,916,432103009002,2004,432103009,432103009001.0,2.0,2,2,1957.0,1.0,,8563.142857132743,1997,7979.7142857244,0,0,47.0,16.0,1.0,5
609,609,918,918,919,431202016002,2004,431202016,431202016001.0,2.0,1,2,1957.0,0.0,,10909.09090909091,1993,17922.07792207792,0,0,47.0,26.0,3.0,9
610,610,919,919,920,322303016002,2004,322303016,322303016001.0,2.0,2,2,1959.0,1.0,,20778.55477855786,1997,2253.191253188169,0,0,45.0,26.0,3.0,7
611,611,921,921,922,372403012002,2004,372403012,372403012001.0,2.0,2,2,1954.0,0.0,,1861.979166666666,1989,4427.083333333333,0,0,50.0,15.0,1.0,13
612,612,922,922,923,451104014002,2004,451104014,451104014001.0,1.0,1,2,1957.0,0.0,,250.49735449718415,1993,22.51851851868873,0,0,47.0,22.0,2.0,9
613,613,923,923,924,211204005002,2004,211204005,211204005001.0,2.0,1,2,1965.0,1.0,,11774.1935483871,2000,10806.45161290323,0,1,39.0,23.0,2.0,4
614,614,924,924,925,521201011002,2004,521201011,521201011001.0,2.0,1,2,1956.0,1.0,,19605.26315789474,1991,21184.21052631579,0,0,48.0,33.0,5.0,13
616,616,926,926,927,372402001002,2004,372402001,372402001001.0,2.0,2,2,1950.0,1.0,,4959.20138888552,1989,3982.9861111144787,0,0,54.0,16.0,1.0,8
617,617,928,928,929,412403004002,2004,412403004,412403004001.0,2.0,2,2,1956.0,1.0,,2729.669762641899,1991,2729.669762641899,0,0,48.0,14.0,0.0,13
618,618,929,929,930,432401017002,2004,432401017,432401017001.0,2.0,2,2,1964.0,1.0,,10909.09090909091,2000,12467.53246753247,0,1,40.0,32.0,3.0,4
619,619,931,931,932,322104005002,2004,322104005,322104005001.0,2.0,2,2,1951.0,0.0,,320.0,1989,568.8888888888888,0,0,53.0,16.0,1.0,13
620,620,932,932,933,372403016001,2004,372403016,372403016002.0,2.0,2,2,1958.0,0.0,,3410.246163687859,1993,10917.87883631214,0,1,46.0,26.0,3.0,9
621,621,934,934,935,232301010002,2004,232301010,232301010001.0,2.0,2,2,1967.0,1.0,,14974.35897435897,2004,13846.15384615385,0,1,37.0,23.0,2.0,0
622,622,936,936,937,372403014002,2004,372403014,372403014001.0,2.0,2,2,1960.0,0.0,,5170.386904761905,1997,12907.73809523809,0,0,44.0,26.0,3.0,3
623,623,937,937,938,412401017002,2004,412401017,412401017001.0,2.0,2,2,1956.0,1.0,,18804.34782608696,1991,25760.869565217392,0,1,48.0,15.0,1.0,13
624,624,939,939,940,372403008002,2004,372403008,372403008001.0,2.0,2,2,1957.0,0.0,,6273.695054945104,1993,7663.804945054896,0,0,47.0,23.0,2.0,0
625,625,940,940,941,322304014002,2004,322304014,322304014001.0,2.0,2,2,1949.0,1.0,,4134.199134199134,1989,4818.181818181818,0,0,55.0,16.0,1.0,15
626,626,941,941,942,451104015002,2004,451104015,451104015001.0,2.0,1,2,1963.0,1.0,,12444.444444444442,2000,888.888888888889,0,1,41.0,22.0,2.0,4
627,627,942,942,943,322103020002,2004,322103020,322103020001.0,2.0,2,2,1958.0,1.0,,6003.381378094022,1993,4469.634494921851,0,1,46.0,0.0,0.0,11
628,628,943,943,944,411204011002,2004,411204011,411204011001.0,2.0,1,2,1954.0,1.0,,4509.169831795302,1989,14951.564478206585,0,1,50.0,0.0,0.0,15
629,629,944,944,945,412102001002,2004,412102001,412102001001.0,2.0,2,2,1954.0,1.0,,671.9298245614036,1989,671.9298245614036,0,0,50.0,0.0,0.0,15
632,632,948,948,949,412402001002,2004,412402001,412402001001.0,2.0,2,2,1950.0,1.0,,215.20467836257308,1989,215.20467836257308,0,1,54.0,12.0,0.0,15
633,633,949,949,950,372403010002,2004,372403010,372403010001.0,2.0,2,2,1958.0,1.0,,3906.25,1993,3906.25,0,1,46.0,23.0,2.0,5
635,635,953,953,954,372403009002,2004,372403009,372403009001.0,2.0,2,2,1960.0,0.0,,3729.0625,1997,5777.187499999999,0,0,44.0,23.0,2.0,0
636,636,955,955,956,452202009002,2004,452202009,452202009001.0,2.0,2,2,1954.0,1.0,,3579.024943317713,1991,5506.689342396574,0,0,50.0,23.0,2.0,13
637,637,956,956,957,522403003002,2004,522403003,522403003001.0,2.0,2,2,1956.0,1.0,,735.1227795193312,1991,361.32445141065836,0,0,48.0,23.0,2.0,13
638,638,957,957,958,322104009002,2004,322104009,322104009001.0,2.0,2,2,1958.0,1.0,,15701.45423438422,1993,16996.95846402848,0,0,46.0,25.0,3.0,11
639,639,958,958,959,211101014002,2004,211101014,211101014001.0,2.0,1,2,1963.0,1.0,,15789.473684210532,2000,2631.578947368421,0,1,41.0,23.0,2.0,4
640,640,959,959,960,411204006002,2004,411204006,411204006001.0,2.0,1,2,1956.0,0.0,,-418.7134502939489,1991,-418.7134502939489,0,1,48.0,0.0,0.0,11
641,641,960,960,961,212305016002,2004,212305016,212305016001.0,2.0,2,2,1966.0,1.0,,13157.8947368421,2004,14210.526315789468,0,1,38.0,29.0,4.0,0
642,642,961,961,962,372403020002,2004,372403020,372403020001.0,2.0,2,2,1959.0,1.0,,22500.0,1997,19368.75,0,0,45.0,25.0,3.0,7
643,643,962,962,963,522104011002,2004,522104011,522104011001.0,2.0,2,2,1964.0,1.0,,3612.538427755819,2000,2765.700483091787,0,2,40.0,13.0,0.0,4
644,644,963,963,964,322305020002,2004,322305020,322305020001.0,2.0,2,2,1968.0,1.0,,28148.14814814815,2004,29629.629629629628,0,1,36.0,26.0,3.0,0
645,645,964,964,965,412403006002,2004,412403006,412403006001.0,2.0,2,2,1957.0,1.0,,3508.771929824561,1993,2046.783625730994,0,1,47.0,0.0,0.0,11
646,646,965,965,966,232301008002,2004,232301008,232301008001.0,2.0,2,2,1968.0,1.0,,9641.025641025639,2004,10000.0,0,1,36.0,29.0,4.0,0
647,647,968,968,969,412102008002,2004,412102008,412102008001.0,2.0,2,2,1952.0,0.0,,10745.19632419026,1989,13431.495405138709,0,0,52.0,0.0,0.0,13
648,648,969,969,970,451104011004,2004,451104011,451104011001.0,2.0,1,2,1962.0,0.0,,-77.77777777777777,1997,-222.22222222222214,0,1,42.0,22.0,2.0,5
649,649,970,970,971,372403044002,2004,372403044,372403044001.0,2.0,2,2,1960.0,0.0,,3304.6875,1997,11287.5,0,0,44.0,25.0,3.0,5
650,650,971,971,972,232401018002,2004,232401018,232401018001.0,2.0,2,2,1961.0,1.0,,28974.35897435897,1997,14410.256410256408,0,0,43.0,29.0,4.0,7
651,651,972,972,973,432201007002,2004,432201007,432201007001.0,2.0,2,2,1954.0,1.0,,6354.810238305385,1989,8261.253309796999,0,0,50.0,26.0,3.0,8
652,652,973,973,974,452302042002,2004,452302042,452302042001.0,2.0,2,2,1965.0,1.0,,14333.33333333333,2000,16190.47619047619,0,1,39.0,15.0,1.0,4
653,653,974,974,975,452204008002,2004,452204008,452204008001.0,2.0,2,2,1954.0,1.0,,2338.154187778392,1989,1426.383418864571,0,1,50.0,15.0,1.0,15
655,655,978,978,979,211204004002,2004,211204004,211204004001.0,2.0,1,2,1963.0,0.0,,7200.0,2000,9677.41935483871,0,1,41.0,23.0,2.0,2
656,656,981,981,982,231102019002,2004,231102019,231102019001.0,2.0,1,2,1963.0,1.0,,20512.82051282051,2000,20512.82051282051,0,1,41.0,26.0,3.0,4
657,657,983,983,984,451104013004,2004,451104013,451104013001.0,2.0,1,2,1962.0,0.0,,-33.807674100054285,1997,-91.87914813037901,0,2,42.0,22.0,2.0,5
658,658,984,984,985,322305003002,2004,322305003,322305003001.0,2.0,2,2,1966.0,1.0,,20740.74074074074,2004,16296.2962962963,0,1,38.0,29.0,4.0,0
659,659,985,985,986,322103002002,2004,322103002,322103002001.0,2.0,2,2,1961.0,1.0,,7238.095238094177,1997,8101.587301588363,0,1,43.0,21.0,1.0,7
660,660,986,986,987,322104008002,2004,322104008,322104008001.0,2.0,2,2,1957.0,1.0,,10809.59040957925,1993,4690.409590420746,0,0,47.0,0.0,0.0,9
661,661,987,987,988,322103007002,2004,322103007,322103007001.0,2.0,2,2,1957.0,1.0,,14079.365079365081,1993,15238.095238095242,0,0,47.0,26.0,3.0,11
662,662,988,988,989,522104017002,2004,522104017,522104017001.0,2.0,2,2,1967.0,1.0,,5873.824451417688,2004,20728.05642632558,0,2,37.0,23.0,2.0,0
663,663,993,993,994,372402016002,2004,372402016,372402016001.0,2.0,2,2,1949.0,0.0,,-398.4375,1989,8625.0,0,0,55.0,16.0,1.0,4
664,664,994,994,995,232301015002,2004,232301015,232301015001.0,2.0,2,2,1957.0,1.0,,19692.30769230769,1997,15907.69230769231,0,0,47.0,28.0,4.0,7
665,665,996,996,997,231202061001,2004,231202061,231202061002.0,2.0,1,2,1963.0,1.0,,15384.615384615381,2000,21538.46153846154,0,0,41.0,23.0,2.0,4
666,666,997,997,998,422404016001,2004,422404016,422404016002.0,2.0,2,2,1950.0,0.0,,1669.461736385729,1989,1593.038263614271,0,0,54.0,0.0,0.0,9
667,667,998,998,999,231202015002,2004,231202015,231202015001.0,2.0,1,2,1964.0,1.0,,22153.846153846152,2000,18461.53846153846,0,2,40.0,29.0,4.0,4
668,668,999,999,1000,232402004002,2004,232402004,232402004001.0,2.0,2,2,1963.0,1.0,,14746.976135990715,2000,14977.661545168701,0,0,41.0,14.0,0.0,2
669,669,1002,1002,1003,322103013002,2004,322103013,322103013001.0,2.0,2,2,1955.0,1.0,,4256.635987730761,1991,1521.141790047016,0,0,49.0,0.0,0.0,10
670,670,1003,1003,1004,412402041002,2004,412402041,412402041001.0,2.0,2,2,1969.0,0.0,,-484.76454293628825,2004,12326.869806094179,1,1,35.0,15.0,1.0,0
671,671,1004,1004,1005,372402020002,2004,372402020,372402020001.0,2.0,2,2,1962.0,1.0,,1192.0955882352941,1997,20262.5,0,1,42.0,22.0,2.0,7
672,672,1005,1005,1006,412101045004,2004,412101045,412101045003.0,2.0,2,2,1959.0,1.0,,20869.565217391308,1997,13913.04347826087,0,0,45.0,33.0,5.0,7
673,673,1006,1006,1007,371103083001,2004,371103083,371103083002.0,2.0,1,2,1967.0,1.0,,15000.0,2004,42187.5,0,1,37.0,29.0,4.0,0
674,674,1007,1007,1008,452302019002,2004,452302019,452302019001.0,2.0,2,2,1951.0,1.0,,675.925925925926,1989,482.8042328042328,0,0,53.0,15.0,1.0,15
675,675,1008,1008,1009,322304019002,2004,322304019,322304019001.0,2.0,2,2,1951.0,1.0,,2276.3514007753643,1989,6612.537488113526,0,0,53.0,23.0,2.0,15
676,676,1009,1009,1010,452105014002,2004,452105014,452105014001.0,2.0,2,2,1965.0,1.0,,6710.5263157894715,2004,6710.5263157894715,0,1,39.0,23.0,2.0,0
677,677,1010,1010,1011,322103011002,2004,322103011,322103011001.0,2.0,2,2,1954.0,1.0,,4502.012607273859,1989,4450.368345107093,0,0,50.0,0.0,0.0,15
678,678,1012,1012,1013,232402005002,2004,232402005,232402005001.0,2.0,2,2,1969.0,1.0,,42824.8535307019,2004,14320.07400552999,1,1,35.0,22.0,2.0,0
679,679,1014,1014,1015,412402019002,2004,412402019,412402019001.0,2.0,2,2,1954.0,1.0,,5263.157894736843,1991,5529.846696513364,0,0,50.0,22.0,2.0,13
680,680,1015,1015,1016,322103008002,2004,322103008,322103008001.0,2.0,2,2,1962.0,1.0,,9130.263675717944,1997,11980.84743539317,0,2,42.0,13.0,0.0,7
682,682,1018,1018,1019,452204009002,2004,452204009,452204009001.0,2.0,2,2,1957.0,1.0,,2620.12987012987,1993,1586.219336219336,0,0,47.0,15.0,1.0,11
683,683,1019,1019,1020,372402014002,2004,372402014,372402014001.0,2.0,2,2,1959.0,1.0,,196.6517857142858,1997,2081.473214285714,0,1,45.0,22.0,2.0,7
684,684,1020,1020,1021,432401042001,2004,432401042,432401042002.0,2.0,2,2,1963.0,1.0,,3710.575139146567,2000,4081.632653061225,0,0,41.0,22.0,2.0,4
685,685,1021,1021,1022,522304002002,2004,522304002,522304002001.0,2.0,2,2,1962.0,1.0,,10277.05627705628,1997,15745.421245421241,0,2,42.0,14.0,0.0,7
686,686,1022,1022,1023,372403004001,2004,372403004,372403004002.0,2.0,2,2,1951.0,0.0,,5853.645833333332,1989,10669.79166666667,0,0,53.0,16.0,1.0,6
687,687,1024,1024,1025,522104015003,2004,522104015,522104015002.0,2.0,2,2,1965.0,1.0,,3384.1642228739,2000,3812.805474095796,0,1,39.0,15.0,1.0,4
688,688,1027,1027,1028,371103051002,2004,371103051,371103051001.0,2.0,1,2,1960.0,1.0,,15000.0,1997,4687.5,0,0,44.0,25.0,3.0,7
689,689,1028,1028,1029,422404020031,2004,422404020,422404020001.0,2.0,2,2,1964.0,1.0,,2735.598644578313,2000,2240.9638554216863,1,1,40.0,23.0,2.0,4
690,690,1029,1029,1030,432105019002,2004,432105019,432105019001.0,2.0,2,2,1969.0,1.0,,6753.246753246754,2004,13714.28571428571,0,1,35.0,23.0,2.0,0
691,691,1030,1030,1031,372403001002,2004,372403001,372403001001.0,2.0,2,2,1959.0,0.0,,6821.875,1997,6875.0,0,1,45.0,22.0,2.0,3
692,692,1031,1031,1032,372403006002,2004,372403006,372403006001.0,2.0,2,2,1962.0,0.0,,153.125,1997,11500.0,0,2,42.0,26.0,3.0,1
693,693,1032,1032,1033,412402003002,2004,412402003,412402003001.0,2.0,2,2,1959.0,1.0,,6746.50698603005,1997,6633.259796195558,0,1,45.0,0.0,0.0,7
694,694,1033,1033,1034,232301020002,2004,232301020,232301020001.0,2.0,2,2,1965.0,1.0,,11846.15384615385,2000,16923.07692307692,0,1,39.0,29.0,4.0,4
695,695,1034,1034,1035,452403016002,2004,452403016,452403016001.0,2.0,2,2,1960.0,1.0,,6349.206349206349,2000,9523.809523809525,0,0,44.0,26.0,3.0,4
696,696,1035,1035,1036,232301012002,2004,232301012,232301012001.0,2.0,2,2,1966.0,1.0,,14553.84615384615,2004,11384.615384615381,0,1,38.0,28.0,4.0,0
697,697,1036,1036,1037,452105018002,2004,452105018,452105018001.0,2.0,2,2,1957.0,0.0,,1578.947368421053,1997,16605.26315789474,0,0,47.0,23.0,2.0,1
698,698,1038,1038,1039,322103005002,2004,322103005,322103005001.0,2.0,2,2,1965.0,1.0,,10158.730158730159,2000,8190.476190476192,0,2,39.0,15.0,1.0,4
700,700,1041,1041,1042,451104016002,2004,451104016,451104016001.0,2.0,1,2,1954.0,1.0,,3748.7335359789854,1989,7997.298210052762,0,0,50.0,23.0,2.0,15
701,701,1043,1043,1044,322103018002,2004,322103018,322103018001.0,2.0,2,2,1959.0,1.0,,5674.603174603175,1997,3928.571428571429,0,0,45.0,0.0,0.0,7
702,702,1045,1045,1046,322103006002,2004,322103006,322103006001.0,2.0,2,2,1960.0,1.0,,4357.015533478598,1997,4309.651133188069,0,5,44.0,0.0,0.0,7
703,703,1046,1046,1047,432201001002,2004,432201001,432201001001.0,2.0,2,2,1963.0,1.0,,32727.272727272728,2000,32727.272727272728,0,1,41.0,26.0,3.0,4
704,704,1047,1047,1048,412402010002,2004,412402010,412402010001.0,2.0,2,2,1953.0,1.0,,5296.896086372967,1989,843.454790820015,0,1,51.0,0.0,0.0,15
705,705,1049,1049,1050,322103016002,2004,322103016,322103016001.0,2.0,2,2,1963.0,1.0,,3265.3061224472694,2000,34829.93197279083,0,3,41.0,16.0,1.0,4
706,706,1051,1051,1052,452204010001,2004,452204010,452204010002.0,2.0,2,2,1950.0,1.0,,204.0816326530587,1989,907.0294784580524,0,0,54.0,15.0,1.0,15
707,707,1052,1052,1053,372402005002,2004,372402005,372402005001.0,2.0,2,2,1949.0,1.0,,1061.292613636903,1989,3815.7315774497883,0,0,55.0,16.0,1.0,3
708,708,1056,1056,1057,412402008002,2004,412402008,412402008001.0,2.0,2,2,1958.0,1.0,,1704.260651625645,1993,1278.1954887252318,0,1,46.0,22.0,2.0,11
710,710,1058,1058,1059,322103015002,2004,322103015,322103015001.0,2.0,2,2,1960.0,1.0,,5252.571547347522,1997,3758.691565956407,0,1,44.0,0.0,0.0,7
711,711,1059,1059,1060,372402044002,2004,372402044,372402044001.0,2.0,2,2,1963.0,0.0,,8040.201822916668,2000,2084.537760416667,0,1,41.0,23.0,2.0,0
712,712,1060,1060,1061,522104016002,2004,522104016,522104016001.0,2.0,2,2,1969.0,1.0,,2273.809523809524,2004,3680.7359307359307,0,2,35.0,12.0,0.0,0
713,713,1061,1061,1062,451104017002,2004,451104017,451104017001.0,2.0,1,2,1964.0,1.0,,3492.0634920634916,2000,3492.0634920634916,0,1,40.0,26.0,3.0,4
714,714,1062,1062,1063,232301019002,2004,232301019,232301019001.0,2.0,2,2,1963.0,1.0,,18461.53846153846,2000,14769.23076923077,0,1,41.0,29.0,4.0,4
715,715,1063,1063,1064,231202012002,2004,231202012,231202012001.0,2.0,1,2,1963.0,1.0,,23076.923076923067,2000,54358.97435897437,0,0,41.0,33.0,5.0,4
716,716,1069,1069,1070,452404010041,2004,452404010,452404010004.0,2.0,2,2,1967.0,1.0,,3968.2539682539677,2004,-683.828619166965,0,2,37.0,15.0,1.0,0
717,717,1070,1070,1071,452105084002,2004,452105084,452105084001.0,2.0,2,2,1965.0,1.0,,11526.31578947368,2004,11052.63157894737,1,1,39.0,23.0,2.0,0
718,718,1071,1071,1072,451104002002,2004,451104002,451104002001.0,2.0,1,2,1962.0,0.0,,183.4842229057775,1997,87.78629491569252,0,2,42.0,23.0,2.0,5
719,719,1072,1072,1073,412403015002,2004,412403015,412403015001.0,2.0,2,2,1959.0,1.0,,1722.3423856556,1997,1137.5470640181732,0,2,45.0,0.0,0.0,7
720,720,1074,1074,1075,452404011002,2004,452404011,452404011001.0,2.0,2,2,1952.0,0.0,,1066.666666665102,1989,1473.0158730174371,0,0,52.0,0.0,0.0,13
721,721,1075,1075,1076,452201042002,2004,452201042,452201042001.0,2.0,2,2,1963.0,1.0,,18947.36842105264,2000,18763.15789473684,0,1,41.0,29.0,4.0,4
722,722,1077,1077,1078,432104016001,2004,432104016,432104016002.0,2.0,2,2,1950.0,1.0,,11000.0,1989,6214.2857142857165,0,0,54.0,11.0,0.0,15
723,723,1078,1078,1079,412102018002,2004,412102018,412102018001.0,2.0,2,2,1964.0,0.0,,0.0,2000,2256.140350877193,0,0,40.0,23.0,2.0,2
724,724,1080,1080,1081,372404020002,2004,372404020,372404020001.0,2.0,2,2,1953.0,0.0,,640.625,1989,6718.75,0,0,51.0,23.0,2.0,4
725,725,1081,1081,1082,232204004002,2004,232204004,232204004001.0,2.0,2,2,1959.0,1.0,,579.7101449275362,1997,579.7101449275362,0,0,45.0,12.0,0.0,3
726,726,1084,1084,1085,422404003002,2004,422404003,422404003001.0,2.0,2,2,1960.0,0.0,,1522.609819121422,2000,2099.866763565867,0,1,44.0,16.0,1.0,2
727,727,1085,1085,1086,452105083004,2004,452105083,452105083003.0,2.0,2,2,1967.0,1.0,,10000.0,2004,7105.263157894738,0,1,37.0,28.0,4.0,0
729,729,1087,1087,1088,452201014003,2004,452201014,452201014001.0,2.0,2,2,1968.0,1.0,,1460.526315789606,2004,6315.789473684212,0,1,36.0,16.0,1.0,0
730,730,1089,1089,1090,372404014002,2004,372404014,372404014001.0,2.0,2,2,1958.0,0.0,,3354.939258313875,1993,11129.43574168612,0,0,46.0,23.0,2.0,9
731,731,1090,1090,1091,522104006002,2004,522104006,522104006001.0,2.0,2,2,1965.0,1.0,,3507.7197833851837,2000,4810.462034796635,0,2,39.0,15.0,1.0,4
732,732,1092,1092,1093,322102019002,2004,322102019,322102019001.0,2.0,2,2,1961.0,1.0,,19375.78735197784,1997,14701.990425799951,0,0,43.0,0.0,0.0,7
733,733,1093,1093,1094,372404013002,2004,372404013,372404013001.0,2.0,2,2,1958.0,0.0,,102.16346153928272,1993,7568.149038460717,0,0,46.0,16.0,1.0,9
734,734,1094,1094,1095,372404016002,2004,372404016,372404016001.0,2.0,2,2,1958.0,0.0,,0.0,1993,781.25,0,1,46.0,23.0,2.0,3
736,736,1096,1096,1097,231201015002,2004,231201015,231201015001.0,2.0,1,2,1959.0,1.0,,21538.46153846154,1997,6153.846153846153,0,0,45.0,28.0,4.0,7
737,737,1097,1097,1098,232204002002,2004,232204002,232204002001.0,2.0,2,2,1969.0,0.0,,-8.281573498964804,2004,14950.310559006208,0,1,35.0,13.0,0.0,0
739,739,1099,1099,1100,322305015002,2004,322305015,322305015001.0,2.0,2,2,1961.0,1.0,,18765.432098765432,1997,33086.41975308642,0,0,43.0,26.0,3.0,7
740,740,1100,1100,1101,232402011002,2004,232402011,232402011001.0,2.0,2,2,1959.0,0.0,,6695.652173913045,1997,11739.13043478261,0,0,45.0,14.0,0.0,1
741,741,1101,1101,1102,412303018002,2004,412303018,412303018001.0,2.0,2,2,1964.0,1.0,,3150.261470985155,2000,450.0373529978796,0,3,40.0,25.0,3.0,4
742,742,1105,1105,1106,411101013002,2004,411101013,411101013001.0,2.0,1,2,1951.0,1.0,,42898.55072463769,1989,46376.8115942029,0,0,53.0,28.0,4.0,15
743,743,1106,1106,1107,452404014002,2004,452404014,452404014001.0,2.0,2,2,1952.0,0.0,,6316.8959435626075,1989,4097.2134038800705,0,0,52.0,15.0,1.0,13
744,744,1107,1107,1108,411101019001,2004,411101019,411101019002.0,2.0,1,2,1962.0,1.0,,26956.52173913044,1997,28115.942028985508,0,1,42.0,35.0,5.0,5
745,745,1108,1108,1109,522302014021,2004,522302014,522302014003.0,2.0,2,2,1969.0,1.0,,8129.1050035227645,2004,3957.387831806883,0,2,35.0,23.0,2.0,0
746,746,1110,1110,1111,522301019002,2004,522301019,522301019001.0,2.0,2,2,1962.0,1.0,,6969.9248120300745,1997,6969.9248120300745,0,0,42.0,23.0,2.0,7
747,747,1113,1113,1114,322402003002,2004,322402003,322402003001.0,2.0,2,2,1955.0,1.0,,7488.027979544417,1991,14318.32122680479,0,0,49.0,0.0,0.0,13
748,748,1114,1114,1115,522304031041,2004,522304031,522304031001.0,2.0,2,2,1965.0,1.0,,18666.66666666666,2000,4334.015984015983,1,1,39.0,23.0,2.0,4
749,749,1115,1115,1116,452301008031,2004,452301008,452301008003.0,2.0,2,2,1960.0,1.0,,10263.157894736842,1997,12631.57894736842,0,1,44.0,26.0,3.0,7
750,750,1116,1116,1117,322402002002,2004,322402002,322402002001.0,2.0,2,2,1962.0,1.0,,6619.488536155077,1997,19071.85345518691,0,0,42.0,0.0,0.0,7
751,751,1118,1118,1119,371102003002,2004,371102003,371102003001.0,2.0,1,2,1957.0,1.0,,10370.37037037037,1993,8888.888888888889,0,0,47.0,26.0,3.0,11
752,752,1119,1119,1120,411101003002,2004,411101003,411101003001.0,2.0,1,2,1952.0,1.0,,45507.2463768116,1989,58173.91304347825,0,0,52.0,28.0,4.0,15
753,753,1120,1120,1121,212102082002,2004,212102082,212102082001.0,2.0,2,2,1964.0,1.0,,7580.645161290324,2004,14516.129032258059,0,1,40.0,16.0,1.0,0
754,754,1122,1122,1123,412303020002,2004,412303020,412303020001.0,2.0,2,2,1960.0,1.0,,116.95906432748541,1997,58.479532163742675,0,0,44.0,22.0,2.0,7
755,755,1124,1124,1125,522302015002,2004,522302015,522302015001.0,2.0,2,2,1957.0,1.0,,2485.565844963262,1993,2938.676579279162,0,0,47.0,14.0,0.0,11
756,756,1125,1125,1126,231201009001,2004,231201009,231201009002.0,2.0,1,2,1958.0,1.0,,20000.0,1997,8338.461538461539,0,0,46.0,29.0,4.0,7
757,757,1127,1127,1128,412403016002,2004,412403016,412403016001.0,2.0,2,2,1951.0,1.0,,2473.512211904779,1989,1864.15548675858,0,0,53.0,15.0,1.0,15
758,758,1130,1130,1131,412403010002,2004,412403010,412403010001.0,2.0,2,2,1956.0,1.0,,244.4217339457586,1991,650.7920286145537,0,1,48.0,0.0,0.0,13
759,759,1131,1131,1132,522301043001,2004,522301043,522301043002.0,2.0,2,2,1969.0,1.0,,13526.31578947368,2004,14473.68421052631,0,1,35.0,33.0,5.0,0
760,760,1134,1134,1135,412102012002,2004,412102012,412102012001.0,2.0,2,2,1952.0,1.0,,-577.1929824561404,1989,-1154.385964912281,0,0,52.0,15.0,1.0,15
761,761,1135,1135,1136,452204014002,2004,452204014,452204014001.0,2.0,2,2,1955.0,1.0,,2453.102453102453,1991,2943.722943722943,0,1,49.0,22.0,2.0,13
763,763,1139,1139,1140,522104020002,2004,522104020,522104020001.0,1.0,2,2,1955.0,1.0,,2131.701631701631,1991,12062.93706293706,0,0,49.0,16.0,1.0,13
764,764,1140,1140,1141,232301016002,2004,232301016,232301016001.0,2.0,2,2,1961.0,1.0,,12307.69230769231,1997,14769.23076923077,0,0,43.0,26.0,3.0,7
765,765,1141,1141,1142,521201008002,2004,521201008,521201008001.0,1.0,1,2,1961.0,1.0,,22105.26315789474,1997,18684.21052631579,0,2,43.0,29.0,4.0,7
766,766,1142,1142,1143,412403008002,2004,412403008,412403008001.0,2.0,2,2,1962.0,1.0,,-67.1496156120639,1997,2036.457717327026,0,3,42.0,22.0,2.0,7
767,767,1143,1143,1144,412102011002,2004,412102011,412102011001.0,2.0,2,2,1955.0,0.0,,5095.6140350877195,1993,564.0350877192983,0,1,49.0,23.0,2.0,9
768,768,1145,1145,1146,412403009002,2004,412403009,412403009001.0,2.0,2,2,1956.0,1.0,,-223.28548644411012,1991,-223.28548644411012,0,0,48.0,13.0,0.0,13
769,769,1146,1146,1147,372404003002,2004,372404003,372404003001.0,2.0,2,2,1961.0,1.0,,2487.980769227963,1997,17980.769230772043,0,1,43.0,26.0,3.0,7
770,770,1149,1149,1150,372404002002,2004,372404002,372404002001.0,2.0,2,2,1962.0,1.0,,13125.0,1997,3312.5,0,1,42.0,16.0,1.0,7
771,771,1150,1150,1151,432104042002,2004,432104042,432104042001.0,2.0,2,2,1962.0,1.0,,8468.57142857143,1997,10282.85714285714,0,0,42.0,22.0,2.0,3
772,772,1151,1151,1152,212305019002,2004,212305019,212305019001.0,2.0,2,2,1963.0,1.0,,15789.473684210532,2000,14368.421052631582,0,1,41.0,33.0,5.0,4
773,773,1152,1152,1153,322104012002,2004,322104012,322104012001.0,2.0,2,2,1960.0,1.0,,4688.644688643746,1997,13263.73626373721,0,2,44.0,22.0,2.0,7
774,774,1160,1160,1161,322304001002,2004,322304001,322304001001.0,2.0,2,2,1954.0,1.0,,5821.164021164021,1989,4947.089947089947,0,0,50.0,23.0,2.0,15
775,775,1161,1161,1162,372404010002,2004,372404010,372404010001.0,2.0,2,2,1952.0,0.0,,593.75,1989,13125.0,0,0,52.0,25.0,3.0,13
776,776,1162,1162,1163,522402018002,2004,522402018,522402018001.0,2.0,2,2,1959.0,1.0,,2587.157287157287,1997,1837.085137085137,0,1,45.0,12.0,0.0,7
778,778,1164,1164,1165,322105001004,2004,322105001,322105001003.0,2.0,2,2,1964.0,1.0,,5925.925925925925,2000,19753.08641975309,0,0,40.0,28.0,4.0,4
779,779,1165,1165,1166,521106090002,2004,521106090,521106090001.0,2.0,1,2,1964.0,1.0,,4736.842105263157,2004,15789.473684210532,0,1,40.0,23.0,2.0,0
780,780,1166,1166,1167,231201017002,2004,231201017,231201017001.0,2.0,1,2,1968.0,1.0,,18461.53846153846,2004,16923.07692307692,0,1,36.0,31.0,3.0,0
781,781,1167,1167,1168,522304004002,2004,522304004,522304004001.0,2.0,2,2,1961.0,1.0,,4734.84848484838,1997,6022.727272727377,0,1,43.0,12.0,0.0,7
